name,abbreviation,ISSN,eISSN,category,tot_citations,2021_jif,jif_quartile,2021_jci,percent_OA_gold
A/J: Alternatives Journal,ALTERNATIVES,,,WIKI-ENVIRONMENT,,,,,
ACS ES&T Water,ACS EST WATER,N/A,2690-0637,ENVIRONMENTAL SCIENCES - ESCI,426,N/A,N/A,N/A,8.08%
Acta Scientiarum Polonorum-Formatio Circumiectus,ACTA SCI POL-FORM C,1644-0765,1644-0765,ENVIRONMENTAL SCIENCES - ESCI,179,N/A,N/A,0.15,56.67%
Advanced Energy Materials,NONE,,,WIKI-ENVIRONMENT,,,,,
Advances in Climate Change Research,ADV CLIM CHANG RES,1674-9278,1674-9278,ENVIRONMENTAL SCIENCES - SCIE,"1,646",4.746,Q2,0.86,99.32%
AEROBIOLOGIA,AEROBIOLOGIA,0393-5965,1573-3025,ENVIRONMENTAL SCIENCES - SCIE,"1,964",2.376,Q4,0.5,16.58%
Aerosol and Air Quality Research,AEROSOL AIR QUAL RES,1680-8584,2071-1409,ENVIRONMENTAL SCIENCES - SCIE,"7,937",4.53,Q2,0.79,99.03%
Aerosol Science and Engineering,AEROSOL SCI ENG,2510-375X,2510-3768,ENVIRONMENTAL SCIENCES - ESCI,143,N/A,N/A,0.25,12.05%
AEROSOL SCIENCE AND TECHNOLOGY,AEROSOL SCI TECH,0278-6826,1521-7388,ENVIRONMENTAL SCIENCES - SCIE,"9,773",4.809,Q2,0.69,16.02%
AFRICAN JOURNAL OF RANGE & FORAGE SCIENCE,AFR J RANGE FOR SCI,1022-0119,1727-9380,ENVIRONMENTAL SCIENCES - SCIE,806,1.966,Q4,0.46,11.21%
Agricultural & Environmental Letters,AGR ENV LETT,N/A,2471-9625,ENVIRONMENTAL SCIENCES - SCIE,441,2.612,Q3,0.66,95.24%
Agricultural and Resource Economics Review,AGR RESOURCE EC REV,,,WIKI-ECON,,,,,
AGRICULTURE ECOSYSTEMS & ENVIRONMENT,AGR ECOSYST ENVIRON,0167-8809,1873-2305,ENVIRONMENTAL SCIENCES - SCIE,"35,094",6.576,Q1,1.7,11.90%
AIMS Environmental Science,AIMS ENVIRON SCI,2372-0344,2372-0352,ENVIRONMENTAL SCIENCES - ESCI,432,N/A,N/A,0.21,97.09%
Air Quality Atmosphere and Health,AIR QUAL ATMOS HLTH,1873-9318,1873-9326,ENVIRONMENTAL SCIENCES - SCIE,"4,008",5.804,Q2,0.98,12.20%
Air Soil and Water Research,AIR SOIL WATER RES,1178-6221,1178-6221,ENVIRONMENTAL SCIENCES - ESCI,434,N/A,N/A,0.61,98.84%
Ambiente y Desarollo,AMBIENTE DESARRO,0121-7607,2346-2876,ENVIRONMENTAL STUDIES - ESCI,23,N/A,N/A,0.01,94.44%
AMBIO,AMBIO,0044-7447,1654-7209,ENVIRONMENTAL SCIENCES - SCIE,"13,492",6.943,Q1,0.9,48.96%
American Journal of Agricultural Economics,AM J AGR ECON,,,WIKI-ECON,,,,,
American Journal of Environmental Biology,NONE,,,WIKI-ENVIRONMENT,,,,,
Annali di Botanica,ANN BOT-COENOL PLANT,0365-0812,2239-3129,ENVIRONMENTAL SCIENCES - SCIE,166,1.722,Q4,0.36,0%
ANNALS OF AGRICULTURAL AND ENVIRONMENTAL MEDICINE,ANN AGR ENV MED,1232-1966,1898-2263,ENVIRONMENTAL SCIENCES - SCIE,"3,006",1.603,Q4,0.33,99.11%
ANNALS OF REGIONAL SCIENCE,ANN REGIONAL SCI,0570-1864,1432-0592,ENVIRONMENTAL STUDIES - SSCI,"2,410",1.669,Q4,0.55,16.93%
Annual Review of Environment and Resources,ANNU REV ENV RESOUR,1543-5938,1545-2050,ENVIRONMENTAL SCIENCES - SCIE,"6,873",17.909,Q1,1.21,94.83%
Annual Review of Environment and Resources,ANNU REV ENV RESOUR,1543-5938,1545-2050,ENVIRONMENTAL STUDIES - SSCI,"6,873",17.909,Q1,1.21,94.83%
Annual Review of Resource Economics,ANNU REV RESOUR ECON,1941-1340,1941-1359,ENVIRONMENTAL STUDIES - SSCI,"1,608",6.617,Q1,2.08,4.35%
ANTARCTIC SCIENCE,ANTARCT SCI,0954-1020,1365-2079,ENVIRONMENTAL SCIENCES - SCIE,"2,715",2.104,Q4,0.48,16.79%
Anthropocene,ANTHROPOCENE,2213-3054,2213-3054,ENVIRONMENTAL SCIENCES - SCIE,"1,315",3.969,Q2,0.8,16.35%
Anthropocene Coasts,ANTHROPOCENE COASTS,N/A,2561-4150,ENVIRONMENTAL SCIENCES - ESCI,121,N/A,N/A,0.59,97.73%
Anthropocene Review,ANTHROPOCENE REV,2053-0196,2053-020X,ENVIRONMENTAL SCIENCES - SCIE,910,3.682,Q3,0.64,28.77%
Anthropocene Review,ANTHROPOCENE REV,2053-0196,2053-020X,ENVIRONMENTAL STUDIES - SSCI,910,3.682,Q2,0.64,28.77%
Antipode,ANTIPODE,,,WIKI-ESS,,,,,
Appalachian Natural Resources Law Journal,NONE,,,WIKI-ENVIRONMENT,,,,,
Applied and Environmental Microbiology,APPL ENVIRON MICROB,,,WIKI-ENVIRONMENT,,,,,
APPLIED CATALYSIS A-GENERAL,APPL CATAL A-GEN,0926-860X,1873-3875,ENVIRONMENTAL SCIENCES - SCIE,"44,579",5.723,Q2,0.93,4.45%
APPLIED ECOLOGY AND ENVIRONMENTAL RESEARCH,APPL ECOL ENV RES,1589-1623,1785-0037,ENVIRONMENTAL SCIENCES - SCIE,"2,897",0.816,Q4,0.17,99.79%
Applied Spatial Analysis and Policy,APPL SPAT ANAL POLIC,1874-463X,1874-4621,ENVIRONMENTAL STUDIES - SSCI,699,2.043,Q4,0.59,27.49%
AQUATIC CONSERVATION-MARINE AND FRESHWATER ECOSYSTEMS,AQUAT CONSERV,1052-7613,1099-0755,ENVIRONMENTAL SCIENCES - SCIE,"6,187",3.258,Q3,0.75,10.56%
AQUATIC ECOSYSTEM HEALTH & MANAGEMENT,AQUAT ECOSYST HEALTH,1463-4988,1539-4077,ENVIRONMENTAL SCIENCES - SCIE,"1,226",1.6,Q4,0.34,0%
AQUATIC SCIENCES,AQUAT SCI,1015-1621,1420-9055,ENVIRONMENTAL SCIENCES - SCIE,"3,988",2.755,Q3,0.73,16.59%
Aquatic Toxicology,AQUAT TOXICOL,,,WIKI-ENVIRONMENT,,,,,
Archives of Environmental & Occupational Health,ARCH ENVIRON OCCUP H,1933-8244,2154-4700,ENVIRONMENTAL SCIENCES - SCIE,"2,652",1.765,Q4,0.38,2.97%
ARCHIVES OF ENVIRONMENTAL CONTAMINATION AND TOXICOLOGY,ARCH ENVIRON CON TOX,0090-4341,1432-0703,ENVIRONMENTAL SCIENCES - SCIE,"9,386",3.692,Q3,0.66,8.26%
Archives of Environmental Protection,ARCH ENVIRON PROT,2083-4772,2083-4810,ENVIRONMENTAL SCIENCES - SCIE,759,1.872,Q4,0.29,0%
ARCTIC,ARCTIC,0004-0843,1923-1245,ENVIRONMENTAL SCIENCES - SCIE,"2,454",1.633,Q4,0.39,85.32%
ARCTIC ANTARCTIC AND ALPINE RESEARCH,ARCT ANTARCT ALP RES,1523-0430,1938-4246,ENVIRONMENTAL SCIENCES - SCIE,"3,723",1.88,Q4,0.47,100%
Arctic Science,ARCT SCI,N/A,2368-7460,ENVIRONMENTAL SCIENCES - SCIE,446,3.045,Q3,0.55,94.37%
Area,AREA,,,WIKI-ESS,,,,,
ARID LAND RESEARCH AND MANAGEMENT,ARID LAND RES MANAG,1532-4982,1532-4990,ENVIRONMENTAL SCIENCES - SCIE,907,1.955,Q4,0.31,0%
Asia Pacific Journal of Environmental Law,ASIA PAC J ENVIRON,1385-2140,1875-8258,ENVIRONMENTAL STUDIES - ESCI,29,N/A,N/A,0.12,3.85%
Asia-Pacific Journal of Regional Science,ASIA-PAC J REG SCI,2509-7946,2509-7954,ENVIRONMENTAL STUDIES - ESCI,153,N/A,N/A,0.29,10.94%
Asian Journal of Water Environment and Pollution,ASIAN J WATER ENVIRO,0972-9860,1875-8568,ENVIRONMENTAL SCIENCES - ESCI,364,N/A,N/A,0.1,0%
Atmosphere,ATMOSPHERE-BASEL,N/A,2073-4433,ENVIRONMENTAL SCIENCES - SCIE,"11,759",3.11,Q3,0.56,95.77%
ATMOSPHERIC CHEMISTRY AND PHYSICS,ATMOS CHEM PHYS,1680-7316,1680-7324,ENVIRONMENTAL SCIENCES - SCIE,"73,292",7.197,Q1,1.36,99.38%
ATMOSPHERIC ENVIRONMENT,ATMOS ENVIRON,1352-2310,1873-2844,ENVIRONMENTAL SCIENCES - SCIE,"77,550",5.755,Q2,1.08,6.15%
Atmospheric Environment-X,ATMOS ENVIRON-X,N/A,2590-1621,ENVIRONMENTAL SCIENCES - ESCI,462,N/A,N/A,0.84,100%
Atmospheric Pollution Research,ATMOS POLLUT RES,1309-1042,1309-1042,ENVIRONMENTAL SCIENCES - SCIE,"6,140",4.831,Q2,0.87,5.12%
Australasian Journal of Environmental Management,AUSTRALAS J ENV MAN,1448-6563,2159-5356,ENVIRONMENTAL STUDIES - SSCI,512,2.617,Q3,0.47,4.48%
Australian Journal of Agricultural and Resource Economics,AUST J AGR RESOUR EC,,,WIKI-ECON,,,,,
Biochar,BIOCHAR,2524-7972,2524-7867,ENVIRONMENTAL SCIENCES - SCIE,851,11.452,Q1,1.25,23.48%
BIODIVERSITY AND CONSERVATION,BIODIVERS CONSERV,0960-3115,1572-9710,ENVIRONMENTAL SCIENCES - SCIE,"15,376",4.296,Q2,0.79,24.26%
BioEnergy Research,BIOENERG RES,1939-1234,1939-1242,ENVIRONMENTAL SCIENCES - SCIE,"4,136",3.852,Q2,0.49,9.69%
BIOGEOCHEMISTRY,BIOGEOCHEMISTRY,0168-2563,1573-515X,ENVIRONMENTAL SCIENCES - SCIE,"14,319",4.812,Q2,1.07,26.61%
BIOLOGICAL CONSERVATION,BIOL CONSERV,0006-3207,1873-2917,ENVIRONMENTAL SCIENCES - SCIE,"44,103",7.499,Q1,1.42,15.18%
BIOLOGY AND ENVIRONMENT-PROCEEDINGS OF THE ROYAL IRISH ACADEMY,BIOL ENVIRON,0791-7945,2009-003X,ENVIRONMENTAL SCIENCES - SCIE,336,0.393,Q4,0.12,0%
BIOMEDICAL AND ENVIRONMENTAL SCIENCES,BIOMED ENVIRON SCI,0895-3988,2214-0190,ENVIRONMENTAL SCIENCES - SCIE,"3,288",2.831,Q3,0.51,0%
BIOREMEDIATION JOURNAL,BIOREMEDIAT J,1088-9868,1547-6529,ENVIRONMENTAL SCIENCES - SCIE,724,2.14,Q4,0.25,1%
BIOTECHNOLOGIE AGRONOMIE SOCIETE ET ENVIRONNEMENT,BIOTECHNOL AGRON SOC,1370-6233,1780-4507,ENVIRONMENTAL SCIENCES - SCIE,814,0.889,Q4,0.27,47.83%
Blue-Green Systems,BLUE-GREEN SYST,N/A,2617-4782,ENVIRONMENTAL SCIENCES - ESCI,153,N/A,N/A,1.07,97.96%
BOREAL ENVIRONMENT RESEARCH,BOREAL ENVIRON RES,1239-6095,1797-2469,ENVIRONMENTAL SCIENCES - SCIE,"1,474",1.423,Q4,0.23,0%
Bulgarian Journal of Agricultural Science,BULG J AGRIC SCI,1310-0351,1310-0351,ENVIRONMENTAL SCIENCES - ESCI,"1,271",N/A,N/A,0.09,0%
BULLETIN OF ENVIRONMENTAL CONTAMINATION AND TOXICOLOGY,B ENVIRON CONTAM TOX,0007-4861,1432-0800,ENVIRONMENTAL SCIENCES - SCIE,"11,445",2.807,Q3,0.53,2.43%
Business Strategy and Development,BUS STRATEGY DEV,N/A,2572-3170,ENVIRONMENTAL STUDIES - ESCI,315,N/A,N/A,0.55,10.07%
Business Strategy and the Environment,BUS STRATEG ENVIRON,0964-4733,1099-0836,ENVIRONMENTAL STUDIES - SSCI,"13,447",10.801,Q1,2.21,18.48%
Carbon Balance and Management,CARBON BAL MANAGE,1750-0680,1750-0680,ENVIRONMENTAL SCIENCES - SCIE,978,4.356,Q2,0.66,100%
Carbon Management,CARBON MANAG,1758-3004,1758-3012,ENVIRONMENTAL SCIENCES - SCIE,"1,628",3.52,Q3,0.6,10.81%
Carbon Management,CARBON MANAG,1758-3004,1758-3012,ENVIRONMENTAL STUDIES - SSCI,"1,628",3.52,Q3,0.6,10.81%
Carpathian Journal of Earth and Environmental Sciences,CARPATH J EARTH ENV,1842-4090,1844-489X,ENVIRONMENTAL SCIENCES - SCIE,740,1.316,Q4,0.29,0%
Case Studies in the Environment,CASE STUD ENVIRON,2473-9510,2473-9510,ENVIRONMENTAL STUDIES - ESCI,116,N/A,N/A,0.21,0.88%
Catrina-The International Journal of Environmental Sciences,CATRINA,1687-5052,2090-2786,ENVIRONMENTAL SCIENCES - ESCI,91,N/A,N/A,0.09,0%
CHEMISTRY AND ECOLOGY,CHEM ECOL,0275-7540,1029-0370,ENVIRONMENTAL SCIENCES - SCIE,"1,878",2.381,Q4,0.45,0.56%
Chemosphere,CHEMOSPHERE,0045-6535,1879-1298,ENVIRONMENTAL SCIENCES - SCIE,"172,919",8.943,Q1,1.48,4.12%
"Children, Youth and Environments",CHILD YOUTH ENV,,,WIKI-ESS,,,,,
Chinese Geographical Science,CHINESE GEOGR SCI,1002-0063,1993-064X,ENVIRONMENTAL SCIENCES - SCIE,"2,461",3.101,Q3,0.55,0%
Chinese Journal of Environmental Law,CHINESE J ENV LAW,2468-6034,2468-6042,ENVIRONMENTAL STUDIES - ESCI,39,N/A,N/A,0.48,40.74%
Chinese Journal of Population Resources and Environment,CHIN J POPUL RESOUR,2096-9589,2325-4262,ENVIRONMENTAL STUDIES - ESCI,475,N/A,N/A,0.29,52.86%
City and Environment Interactions,CITY ENVIRON INTERAC,2590-2520,2590-2520,ENVIRONMENTAL SCIENCES - ESCI,137,N/A,N/A,0.52,100%
City and Environment Interactions,CITY ENVIRON INTERAC,2590-2520,2590-2520,ENVIRONMENTAL STUDIES - ESCI,137,N/A,N/A,0.52,100%
Clean Technologies,CLEAN TECHNOL-BASEL,N/A,2571-8797,ENVIRONMENTAL SCIENCES - ESCI,236,N/A,N/A,0.38,95.10%
Clean Technologies and Environmental Policy,CLEAN TECHNOL ENVIR,1618-954X,1618-9558,ENVIRONMENTAL SCIENCES - SCIE,"6,258",4.7,Q2,0.55,7.73%
CLEAN-Soil Air Water,CLEAN-SOIL AIR WATER,1863-0650,1863-0669,ENVIRONMENTAL SCIENCES - SCIE,"4,138",2.404,Q3,0.39,1.86%
Climate and Development,CLIM DEV,1756-5529,1756-5537,ENVIRONMENTAL STUDIES - SSCI,"2,420",4.653,Q2,1,18.73%
Climate Change Economics,CLIM CHANG ECON,2010-0078,2010-0086,ENVIRONMENTAL STUDIES - SSCI,462,1.341,Q4,0.41,17.19%
CLIMATE POLICY,CLIM POLICY,1469-3062,1752-7457,ENVIRONMENTAL STUDIES - SSCI,"4,249",6.056,Q1,1.65,36.51%
CLIMATE RESEARCH,CLIM RES,0936-577X,1616-1572,ENVIRONMENTAL SCIENCES - SCIE,"5,862",1.459,Q4,0.37,3.54%
Climate Risk Management,CLIM RISK MANAG,2212-0963,2212-0963,ENVIRONMENTAL SCIENCES - SCIE,"1,921",5.266,Q2,0.99,99.50%
Climate Risk Management,CLIM RISK MANAG,2212-0963,2212-0963,ENVIRONMENTAL STUDIES - SSCI,"1,921",5.266,Q1,0.99,99.50%
Climate Services,CLIM SERV,2405-8807,2405-8807,ENVIRONMENTAL SCIENCES - SCIE,843,4.381,Q2,1.09,100%
Climate Services,CLIM SERV,2405-8807,2405-8807,ENVIRONMENTAL STUDIES - SSCI,843,4.381,Q2,1.09,100%
CLIMATIC CHANGE,CLIMATIC CHANGE,0165-0009,1573-1480,ENVIRONMENTAL SCIENCES - SCIE,"27,685",5.174,Q2,1.01,32.78%
COASTAL MANAGEMENT,COAST MANAGE,0892-0753,1521-0421,ENVIRONMENTAL SCIENCES - SCIE,"1,480",3.925,Q2,0.41,17.14%
COASTAL MANAGEMENT,COAST MANAGE,0892-0753,1521-0421,ENVIRONMENTAL STUDIES - SSCI,"1,480",3.925,Q2,0.41,17.14%
Cogent Environmental Science,COGENT ENVIRON SCI,2331-1843,2331-1843,ENVIRONMENTAL SCIENCES - ESCI,540,N/A,N/A,0.28,98.36%
Columbia Journal of Environmental Law,COLUMBIA J ENV LAW,,,WIKI-ENVIRONMENT,,,,,
Communications Earth & Environment,COMMUN EARTH ENVIRON,N/A,2662-4435,ENVIRONMENTAL SCIENCES - SCIE,890,7.29,Q1,1.4,99.31%
COMPUTERS ENVIRONMENT AND URBAN SYSTEMS,COMPUT ENVIRON URBAN,0198-9715,1873-7587,ENVIRONMENTAL STUDIES - SSCI,"5,989",6.454,Q1,1.46,20.87%
Conservation & Society,CONSERV SOC,0972-4923,0975-3133,ENVIRONMENTAL STUDIES - SSCI,"1,480",2.492,Q3,0.68,47.83%
CONSERVATION BIOLOGY,CONSERV BIOL,0888-8892,1523-1739,ENVIRONMENTAL SCIENCES - SCIE,"26,748",7.563,Q1,1.46,34.07%
Conservation Physiology,CONSERV PHYSIOL,2051-1434,2051-1434,ENVIRONMENTAL SCIENCES - SCIE,"2,485",3.252,Q3,0.75,98.48%
Corporate Social Responsibility and Environmental Management,CORP SOC RESP ENV MA,1535-3958,1535-3966,ENVIRONMENTAL STUDIES - SSCI,"7,949",8.464,Q1,1.81,10.10%
CRITICAL REVIEWS IN ENVIRONMENTAL SCIENCE AND TECHNOLOGY,CRIT REV ENV SCI TEC,1064-3389,1547-6537,ENVIRONMENTAL SCIENCES - SCIE,"11,538",11.75,Q1,0.72,8.06%
CULTURAL GEOGRAPHIES,CULT GEOGR,1474-4740,1477-0881,ENVIRONMENTAL STUDIES - SSCI,"1,616",1.786,Q4,0.47,20.69%
Current Opinion in Environmental Sustainability,CURR OPIN ENV SUST,1877-3435,1877-3443,ENVIRONMENTAL SCIENCES - SCIE,"8,098",7.964,Q1,0.62,28.89%
Current Pollution Reports,CURR POLLUT REP,2198-6592,2198-6592,ENVIRONMENTAL SCIENCES - SCIE,"1,718",8.097,Q1,1.12,19.80%
Desenvolvimento e Meio Ambiente,DESENVOLV MEIO AMBIE,1518-952X,2176-9109,ENVIRONMENTAL STUDIES - ESCI,287,N/A,N/A,0.05,88.04%
Disaster Prevention and Management,DISASTER PREV MANAG,0965-3562,1758-6100,ENVIRONMENTAL STUDIES - SSCI,"1,892",1.813,Q4,0.41,3.78%
DISASTERS,DISASTERS,0361-3666,1467-7717,ENVIRONMENTAL STUDIES - SSCI,"3,443",3.311,Q3,1.26,21.25%
Earth System Governance,EARTH SYST GOV-NETH,2589-8116,2589-8116,ENVIRONMENTAL STUDIES - ESCI,266,N/A,N/A,2.46,100%
Earth Systems and Environment,EARTH SYST ENVIRON,2509-9426,2509-9434,ENVIRONMENTAL SCIENCES - ESCI,"1,352",N/A,N/A,1.26,27.04%
Earths Future,EARTHS FUTURE,N/A,2328-4277,ENVIRONMENTAL SCIENCES - SCIE,"5,307",8.852,Q1,1.73,87.10%
EcoHealth,ECOHEALTH,1612-9202,1612-9210,ENVIRONMENTAL SCIENCES - SCIE,"3,175",4.474,Q2,0.7,22.60%
Ecohydrology,ECOHYDROLOGY,1936-0584,1936-0592,ENVIRONMENTAL SCIENCES - SCIE,"3,962",3.166,Q3,0.67,9.81%
ECOLOGICAL APPLICATIONS,ECOL APPL,1051-0761,1939-5582,ENVIRONMENTAL SCIENCES - SCIE,"26,280",6.105,Q1,1.14,23.30%
Ecological Chemistry and Engineering S-Chemia I Inzynieria Ekologiczna S,ECOL CHEM ENG S,1898-6196,2084-4549,ENVIRONMENTAL SCIENCES - SCIE,766,1.663,Q4,0.3,99.21%
Ecological Complexity,ECOL COMPLEX,,,WIKI-ENVIRONMENT,,,,,
ECOLOGICAL ECONOMICS,ECOL ECON,0921-8009,1873-6106,ENVIRONMENTAL SCIENCES - SCIE,"36,099",6.536,Q1,1.58,18.31%
ECOLOGICAL ECONOMICS,ECOL ECON,0921-8009,1873-6106,ENVIRONMENTAL STUDIES - SSCI,"36,099",6.536,Q1,1.58,18.31%
ECOLOGICAL ENGINEERING,ECOL ENG,0925-8574,1872-6992,ENVIRONMENTAL SCIENCES - SCIE,"25,823",4.379,Q2,0.75,4.83%
Ecological Indicators,ECOL INDIC,1470-160X,1872-7034,ENVIRONMENTAL SCIENCES - SCIE,"44,441",6.263,Q1,1.32,62.13%
Ecological Processes,ECOL PROCESS,N/A,2192-1709,ENVIRONMENTAL SCIENCES - SCIE,"1,318",4.394,Q2,0.65,99.43%
Ecology,ECOLOGY,,,WIKI-ENVIRONMENT,,,,,
ECOLOGY AND SOCIETY,ECOL SOC,1708-3087,N/A,ENVIRONMENTAL STUDIES - SSCI,"16,038",4.653,Q2,1.05,98.51%
ECOLOGY LAW QUARTERLY,ECOL LAW QUART,0046-1121,0046-1121,ENVIRONMENTAL STUDIES - SSCI,355,0.575,Q4,0.44,0%
eco.mont,ECO MONT,,,WIKI-ENVIRONMENT,,,,,
Economics of Disasters and Climate Change,NONE,,,WIKI-ECON,,,,,
Economics of Energy & Environmental Policy,ECON ENERGY ENV POL,2160-5882,2160-5890,ENVIRONMENTAL STUDIES - SSCI,405,1.8,Q4,0.51,6.15%
Ecosystem Health and Sustainability,ECOSYST HEALTH SUST,2096-4129,2332-8878,ENVIRONMENTAL SCIENCES - SCIE,971,4.971,Q2,0.72,100%
Ecosystem Services,ECOSYST SERV,2212-0416,2212-0416,ENVIRONMENTAL SCIENCES - SCIE,"10,132",6.91,Q1,1.38,23.69%
Ecosystem Services,ECOSYST SERV,2212-0416,2212-0416,ENVIRONMENTAL STUDIES - SSCI,"10,132",6.91,Q1,1.38,23.69%
ECOTOXICOLOGY,ECOTOXICOLOGY,0963-9292,1573-3017,ENVIRONMENTAL SCIENCES - SCIE,"7,966",2.935,Q3,0.66,7.16%
ECOTOXICOLOGY AND ENVIRONMENTAL SAFETY,ECOTOX ENVIRON SAFE,0147-6513,1090-2414,ENVIRONMENTAL SCIENCES - SCIE,"56,014",7.129,Q1,1.47,45.55%
Egyptian Journal of Remote Sensing and Space Sciences,EGYPT J REMOTE SENS,1110-9823,2090-2476,ENVIRONMENTAL SCIENCES - SCIE,"1,755",6.393,Q1,1.05,100%
Ekonomia i Srodowisko-Economics and Environment,EKON SROD,0867-8898,2300-6420,ENVIRONMENTAL STUDIES - ESCI,92,N/A,N/A,0.07,17.60%
Elementa-Science of the Anthropocene,ELEMENTA-SCI ANTHROP,2325-1026,2325-1026,ENVIRONMENTAL SCIENCES - SCIE,"2,329",4.569,Q2,0.93,98.80%
Energies,ENERGIES,,,WIKI-ENVIRONMENT,,,,,
Energy & Environment,ENERG ENVIRON-UK,0958-305X,2048-4070,ENVIRONMENTAL STUDIES - SSCI,"1,711",3.154,Q3,0.62,0.63%
Energy & Environmental Science,ENERG ENVIRON SCI,1754-5692,1754-5706,ENVIRONMENTAL SCIENCES - SCIE,"113,198",39.714,Q1,5.24,18.96%
Energy Ecology and Environment,ENERGY ECOL ENVIRON,2363-7692,2363-8338,ENVIRONMENTAL SCIENCES - ESCI,912,N/A,N/A,0.47,11.11%
Energy Economics,ENERG ECON,,,WIKI-ENVIRONMENT,,,,,
Energy Efficiency,ENERG EFFIC,1570-646X,1570-6478,ENVIRONMENTAL STUDIES - SSCI,"2,561",3.134,Q3,0.5,28.81%
ENERGY JOURNAL,ENERG J,0195-6574,1944-9089,ENVIRONMENTAL STUDIES - SSCI,"3,975",3.494,Q3,0.69,7.42%
Energy Policy,ENERG POLICY,0301-4215,1873-6777,ENVIRONMENTAL SCIENCES - SCIE,"70,489",7.576,Q1,1.64,13.29%
Energy Policy,ENERG POLICY,0301-4215,1873-6777,ENVIRONMENTAL STUDIES - SSCI,"70,489",7.576,Q1,1.64,13.29%
Energy Procedia,ENERGY PROCEDIA,,,WIKI-ENVIRONMENT,,,,,
Energy Research & Social Science,ENERGY RES SOC SCI,2214-6296,2214-6326,ENVIRONMENTAL STUDIES - SSCI,"15,036",8.514,Q1,1.75,26.85%
ENVIRONMENT,ENVIRONMENT,0013-9157,1939-9154,ENVIRONMENTAL SCIENCES - SCIE,"1,582",4.108,Q2,0.52,14.29%
ENVIRONMENT,ENVIRONMENT,0013-9157,1939-9154,ENVIRONMENTAL STUDIES - SSCI,"1,582",4.108,Q2,0.52,14.29%
ENVIRONMENT AND BEHAVIOR,ENVIRON BEHAV,0013-9165,1552-390X,ENVIRONMENTAL STUDIES - SSCI,"9,422",6.548,Q1,1.75,8.76%
ENVIRONMENT AND DEVELOPMENT ECONOMICS,ENVIRON DEV ECON,1355-770X,1469-4395,ENVIRONMENTAL STUDIES - SSCI,"2,204",2.383,Q3,0.66,16.82%
ENVIRONMENT AND HISTORY,ENVIRON HIST-UK,0967-3407,1752-7023,ENVIRONMENTAL STUDIES - SSCI,348,0.925,Q4,1.52,1.56%
Environment and Planning A-Economy and Space,ENVIRON PLANN A,0308-518X,1472-3409,ENVIRONMENTAL STUDIES - SSCI,"12,896",3.79,Q2,1.2,25.95%
Environment and Planning B-Urban Analytics and City Science,ENVIRON PLAN B-URBAN,2399-8083,2399-8091,ENVIRONMENTAL STUDIES - SSCI,"5,512",3.511,Q3,0.95,16.82%
Environment and Planning C-Politics and Space,ENVIRON PLAN C-POLIT,2399-6544,2399-6552,ENVIRONMENTAL STUDIES - SSCI,"3,469",2.633,Q3,0.82,25.83%
ENVIRONMENT AND PLANNING D-SOCIETY & SPACE,ENVIRON PLANN D,0263-7758,1472-3433,ENVIRONMENTAL STUDIES - SSCI,"5,358",4.594,Q2,1.5,25.76%
Environment and Planning E-Nature and Space,ENVIRON PLAN E-NAT,2514-8486,2514-8494,ENVIRONMENTAL STUDIES - SSCI,768,3.758,Q2,0.95,15.70%
Environment and Society-Advances in Research,ENVIRON SOC,2150-6779,2150-6787,ENVIRONMENTAL STUDIES - ESCI,398,N/A,N/A,0.85,68.97%
ENVIRONMENT AND URBANIZATION,ENVIRON URBAN,0956-2478,1746-0301,ENVIRONMENTAL STUDIES - SSCI,"2,938",4.066,Q2,0.99,40%
Environment and Urbanization ASIA,ENVIRON URBAN ASIA,0975-4253,0976-3546,ENVIRONMENTAL STUDIES - ESCI,258,N/A,N/A,0.32,2.94%
ENVIRONMENT DEVELOPMENT AND SUSTAINABILITY,ENVIRON DEV SUSTAIN,1387-585X,1573-2975,ENVIRONMENTAL SCIENCES - SCIE,"8,153",4.08,Q2,0.64,6.44%
ENVIRONMENT INTERNATIONAL,ENVIRON INT,0160-4120,1873-6750,ENVIRONMENTAL SCIENCES - SCIE,"61,834",13.352,Q1,1.93,99.38%
ENVIRONMENTAL & RESOURCE ECONOMICS,ENVIRON RESOUR ECON,0924-6460,1573-1502,ENVIRONMENTAL STUDIES - SSCI,"7,043",4.955,Q2,1.21,34.79%
Environmental & Socio-Economic Studies,ENVIRON SOCIO-ECON S,2354-0079,2354-0079,ENVIRONMENTAL STUDIES - ESCI,187,N/A,N/A,0.18,100%
ENVIRONMENTAL AND ECOLOGICAL STATISTICS,ENVIRON ECOL STAT,1352-8505,1573-3009,ENVIRONMENTAL SCIENCES - SCIE,"1,240",2.365,Q4,0.63,7.14%
ENVIRONMENTAL AND EXPERIMENTAL BOTANY,ENVIRON EXP BOT,0098-8472,1873-7307,ENVIRONMENTAL SCIENCES - SCIE,"18,284",6.028,Q2,1.3,4.88%
ENVIRONMENTAL AND MOLECULAR MUTAGENESIS,ENVIRON MOL MUTAGEN,0893-6692,1098-2280,ENVIRONMENTAL SCIENCES - SCIE,"4,066",3.579,Q3,0.66,17.16%
Environmental and Sustainability Indicators,ENVIRON SUSTAIN IND,2665-9727,2665-9727,ENVIRONMENTAL SCIENCES - ESCI,379,N/A,N/A,0.69,100%
Environmental and Sustainability Indicators,ENVIRON SUSTAIN IND,2665-9727,2665-9727,ENVIRONMENTAL STUDIES - ESCI,379,N/A,N/A,0.69,100%
Environmental Biology of Fishes,ENVIRON BIOL FISH,,,WIKI-ENVIRONMENT,,,,,
Environmental Chemistry,ENVIRON CHEM,1448-2517,1449-8979,ENVIRONMENTAL SCIENCES - SCIE,"3,818",4.236,Q2,0.51,8.03%
Environmental Chemistry Letters,ENVIRON CHEM LETT,1610-3653,1610-3661,ENVIRONMENTAL SCIENCES - SCIE,"10,791",13.615,Q1,0.92,6.39%
Environmental Communication-A Journal of Nature and Culture,ENVIRON COMMUN,1752-4032,1752-4040,ENVIRONMENTAL STUDIES - SSCI,"1,883",3.389,Q3,0.91,12.35%
ENVIRONMENTAL CONSERVATION,ENVIRON CONSERV,0376-8929,1469-4387,ENVIRONMENTAL SCIENCES - SCIE,"4,610",4.075,Q2,0.56,18.49%
Environmental Development,ENVIRON DEV,2211-4645,2211-4653,ENVIRONMENTAL SCIENCES - SCIE,"2,437",4.69,Q2,0.7,19.34%
Environmental Earth Sciences,ENVIRON EARTH SCI,1866-6280,1866-6299,ENVIRONMENTAL SCIENCES - SCIE,"26,111",3.119,Q3,0.67,5.52%
Environmental Economics,NONE,,,WIKI-ECON,,,,,
Environmental Education Research,ENVIRON EDUC RES,1350-4622,1469-5871,ENVIRONMENTAL STUDIES - SSCI,"4,641",3.725,Q2,1.36,14.52%
Environmental Engineering and Management Journal,ENVIRON ENG MANAG J,1582-9596,1843-3707,ENVIRONMENTAL SCIENCES - SCIE,"2,466",0.858,Q4,0.17,0%
Environmental Engineering Research,ENVIRON ENG RES,1226-1025,2005-968X,ENVIRONMENTAL SCIENCES - SCIE,"1,999",3.932,Q2,0.49,99.35%
ENVIRONMENTAL ENGINEERING SCIENCE,ENVIRON ENG SCI,1092-8758,1557-9018,ENVIRONMENTAL SCIENCES - SCIE,"3,859",2.172,Q4,0.28,6.06%
ENVIRONMENTAL ETHICS,ENVIRON ETHICS,0163-4275,2153-7895,ENVIRONMENTAL STUDIES - SSCI,610,0.472,Q4,0.08,0%
Environmental Evidence,ENVIRON EVID,N/A,2047-2382,ENVIRONMENTAL SCIENCES - SCIE,"1,098",3.734,Q2,0.6,100%
ENVIRONMENTAL FLUID MECHANICS,ENVIRON FLUID MECH,1567-7419,1573-1510,ENVIRONMENTAL SCIENCES - SCIE,"1,841",2.618,Q3,0.66,16%
ENVIRONMENTAL FORENSICS,ENVIRON FORENSICS,1527-5922,1527-5930,ENVIRONMENTAL SCIENCES - SCIE,"1,144",1.88,Q4,0.26,1.82%
ENVIRONMENTAL GEOCHEMISTRY AND HEALTH,ENVIRON GEOCHEM HLTH,0269-4042,1573-2983,ENVIRONMENTAL SCIENCES - SCIE,"8,659",4.898,Q2,0.94,9.05%
Environmental Hazards-Human and Policy Dimensions,ENVIRON HAZARDS-UK,1747-7891,1878-0059,ENVIRONMENTAL STUDIES - SSCI,"1,278",3.781,Q2,0.71,13.13%
Environmental Health,ENVIRON HEALTH-GLOB,N/A,1476-069X,ENVIRONMENTAL SCIENCES - SCIE,"9,261",7.133,Q1,1.33,100%
Environmental Health Engineering and Management Journal,ENV HEALTH ENG MANAG,2423-3765,2423-4311,ENVIRONMENTAL SCIENCES - ESCI,333,N/A,N/A,0.3,97.96%
ENVIRONMENTAL HEALTH PERSPECTIVES,ENVIRON HEALTH PERSP,0091-6765,1552-9924,ENVIRONMENTAL SCIENCES - SCIE,"51,752",11.035,Q1,2.3,97.93%
ENVIRONMENTAL HISTORY,ENVIRON HIST-US,1084-5453,1930-8892,ENVIRONMENTAL STUDIES - SSCI,723,1.255,Q4,1.51,8.75%
Environmental Impact Assessment Review,ENVIRON IMPACT ASSES,0195-9255,1873-6432,ENVIRONMENTAL STUDIES - SSCI,"6,554",6.122,Q1,1.29,8.38%
Environmental Innovation and Societal Transitions,ENVIRON INNOV SOC TR,2210-4224,2210-4232,ENVIRONMENTAL SCIENCES - SCIE,"4,492",9.377,Q1,1.8,43.68%
Environmental Innovation and Societal Transitions,ENVIRON INNOV SOC TR,2210-4224,2210-4232,ENVIRONMENTAL STUDIES - SSCI,"4,492",9.377,Q1,1.8,43.68%
Environmental Justice,ENVIRON JUSTICE,1939-4071,1937-5174,ENVIRONMENTAL STUDIES - ESCI,659,N/A,N/A,0.33,6.90%
Environmental Law,ENVIRON LAW,,,WIKI-ENVIRONMENT,,,,,
ENVIRONMENTAL MANAGEMENT,ENVIRON MANAGE,0364-152X,1432-1009,ENVIRONMENTAL SCIENCES - SCIE,"13,174",3.644,Q3,0.6,19.19%
Environmental Microbiology Reports,ENV MICROBIOL REP,1758-2229,1758-2229,ENVIRONMENTAL SCIENCES - SCIE,"4,802",4.006,Q2,0.6,20.78%
ENVIRONMENTAL MODELING & ASSESSMENT,ENVIRON MODEL ASSESS,1420-2026,1573-2967,ENVIRONMENTAL SCIENCES - SCIE,"1,497",2.016,Q4,0.42,11.52%
ENVIRONMENTAL MODELLING & SOFTWARE,ENVIRON MODELL SOFTW,1364-8152,1873-6726,ENVIRONMENTAL SCIENCES - SCIE,"19,057",5.471,Q2,1.03,21.70%
ENVIRONMENTAL MONITORING AND ASSESSMENT,ENVIRON MONIT ASSESS,0167-6369,1573-2959,ENVIRONMENTAL SCIENCES - SCIE,"32,152",3.307,Q3,0.53,7.50%
Environmental Philosophy,NONE,,,WIKI-ENVIRONMENT,,,,,
Environmental Policy and Governance,ENVIRON POLICY GOV,1756-932X,1756-9338,ENVIRONMENTAL STUDIES - SSCI,"1,397",3.136,Q3,0.7,29.51%
ENVIRONMENTAL POLITICS,ENVIRON POLIT,0964-4016,1743-8934,ENVIRONMENTAL STUDIES - SSCI,"4,080",5.147,Q2,1.74,30.36%
Environmental Pollutants and Bioavailability,ENV POLLUT BIOAVAIL,2639-5932,2639-5940,ENVIRONMENTAL SCIENCES - SCIE,179,2.828,Q3,0.46,100%
ENVIRONMENTAL POLLUTION,ENVIRON POLLUT,0269-7491,1873-6424,ENVIRONMENTAL SCIENCES - SCIE,"119,445",9.988,Q1,1.61,5.59%
Environmental Progress & Sustainable Energy,ENVIRON PROG SUSTAIN,1944-7442,1944-7450,ENVIRONMENTAL SCIENCES - SCIE,"5,260",2.824,Q3,0.38,0.62%
ENVIRONMENTAL RESEARCH,ENVIRON RES,0013-9351,1096-0953,ENVIRONMENTAL SCIENCES - SCIE,"45,790",8.431,Q1,1.68,9.06%
Environmental Research Communications,ENVIRON RES COMMUN,2515-7620,2515-7620,ENVIRONMENTAL SCIENCES - SCIE,668,3.237,Q3,0.54,99.36%
Environmental Research Letters,ENVIRON RES LETT,1748-9326,1748-9326,ENVIRONMENTAL SCIENCES - SCIE,"36,990",6.947,Q1,1.25,99.30%
ENVIRONMENTAL REVIEWS,ENVIRON REV,1208-6053,1181-8700,ENVIRONMENTAL SCIENCES - SCIE,"3,422",5.547,Q2,0.41,19.23%
ENVIRONMENTAL SCIENCE & POLICY,ENVIRON SCI POLICY,1462-9011,1873-6416,ENVIRONMENTAL SCIENCES - SCIE,"14,710",6.424,Q1,1.1,26.68%
ENVIRONMENTAL SCIENCE & TECHNOLOGY,ENVIRON SCI TECHNOL,0013-936X,1520-5851,ENVIRONMENTAL SCIENCES - SCIE,"259,946",11.357,Q1,1.44,11.15%
Environmental Science & Technology Letters,ENVIRON SCI TECH LET,2328-8930,N/A,ENVIRONMENTAL SCIENCES - SCIE,"8,444",11.558,Q1,1.46,14.29%
Environmental Science and Ecotechnology,ENVIRON SCI ECOTECH,2666-4984,2666-4984,ENVIRONMENTAL SCIENCES - SCIE,404,9.371,Q1,1.29,96.88%
ENVIRONMENTAL SCIENCE AND POLLUTION RESEARCH,ENVIRON SCI POLLUT R,0944-1344,1614-7499,ENVIRONMENTAL SCIENCES - SCIE,"110,000",5.19,Q2,0.81,4.87%
Environmental Science-Nano,ENVIRON SCI-NANO,2051-8153,2051-8161,ENVIRONMENTAL SCIENCES - SCIE,"11,780",9.473,Q1,1.26,9.57%
Environmental Science-Processes & Impacts,ENVIRON SCI-PROC IMP,2050-7887,2050-7895,ENVIRONMENTAL SCIENCES - SCIE,"6,974",5.334,Q2,0.85,22.54%
Environmental Science-Water Research & Technology,ENVIRON SCI-WAT RES,2053-1400,2053-1419,ENVIRONMENTAL SCIENCES - SCIE,"5,595",5.819,Q2,0.82,13.76%
Environmental Sciences Europe,ENVIRON SCI EUR,2190-4707,2190-4715,ENVIRONMENTAL SCIENCES - SCIE,"3,178",5.481,Q2,0.94,99.72%
Environmental Sociology,ENVIRON SOCIOL,2325-1042,2325-1042,ENVIRONMENTAL STUDIES - ESCI,595,N/A,N/A,0.61,11.97%
ENVIRONMENTAL TECHNOLOGY,ENVIRON TECHNOL,0959-3330,1479-487X,ENVIRONMENTAL SCIENCES - SCIE,"13,250",3.475,Q3,0.65,1.72%
Environmental Technology & Innovation,ENVIRON TECHNOL INNO,2352-1864,2352-1864,ENVIRONMENTAL SCIENCES - SCIE,"7,704",7.758,Q1,1.1,10.05%
ENVIRONMENTAL TOXICOLOGY,ENVIRON TOXICOL,1520-4081,1522-7278,ENVIRONMENTAL SCIENCES - SCIE,"6,581",4.109,Q2,0.89,2.88%
ENVIRONMENTAL TOXICOLOGY AND CHEMISTRY,ENVIRON TOXICOL CHEM,0730-7268,1552-8618,ENVIRONMENTAL SCIENCES - SCIE,"25,036",4.218,Q2,0.8,19.46%
Environmental Toxicology and Pharmacology,ENVIRON TOXICOL PHAR,1382-6689,1872-7077,ENVIRONMENTAL SCIENCES - SCIE,"10,920",5.785,Q2,1.13,3.09%
ENVIRONMENTAL VALUES,ENVIRON VALUE,0963-2719,1752-7015,ENVIRONMENTAL STUDIES - SSCI,"1,170",1.831,Q4,0.81,1.12%
Environments,ENVIRONMENTS,N/A,2076-3298,ENVIRONMENTAL SCIENCES - ESCI,"2,002",N/A,N/A,0.54,97.19%
ENVIRONMETRICS,ENVIRONMETRICS,1180-4009,1099-095X,ENVIRONMENTAL SCIENCES - SCIE,"2,339",1.527,Q4,0.51,13.91%
Environs: Environmental Law and Policy Journal,NONE,,,WIKI-ENVIRONMENT,,,,,
EQA-International Journal of Environmental Quality,EQA-INT J ENVIRON QU,2039-9898,2281-4485,ENVIRONMENTAL SCIENCES - ESCI,90,N/A,N/A,0.1,0%
Estuaries and Coasts,ESTUAR COAST,1559-2723,1559-2731,ENVIRONMENTAL SCIENCES - SCIE,"6,362",3.032,Q3,0.77,19.17%
Ethics Policy & Environment,ETHICS POLICY ENV,2155-0085,2155-0093,ENVIRONMENTAL STUDIES - ESCI,415,N/A,N/A,0.26,16%
Euro-Mediterranean Journal for Environmental Integration,EURO-MEDITERR J ENVI,2365-6433,2365-7448,ENVIRONMENTAL SCIENCES - ESCI,585,N/A,N/A,0.36,9.66%
European Journal of Environmental Sciences,EUR J ENVIRON SCI,1805-0174,2336-1964,ENVIRONMENTAL SCIENCES - ESCI,129,N/A,N/A,0.17,100%
European Journal of Sustainable Development,EUR J SUSTAIN DEV,2239-5938,2239-6101,ENVIRONMENTAL SCIENCES - ESCI,756,N/A,N/A,0.14,97.58%
EUROPEAN PLANNING STUDIES,EUR PLAN STUD,0965-4313,1469-5944,ENVIRONMENTAL STUDIES - SSCI,"6,060",3.777,Q2,0.96,23.43%
EUROPEAN URBAN AND REGIONAL STUDIES,EUR URBAN REG STUD,0969-7764,1461-7145,ENVIRONMENTAL STUDIES - SSCI,"1,791",4.842,Q2,1.25,29.67%
Extractive Industries and Society-An International Journal,EXTRACT IND SOC,2214-790X,2214-7918,ENVIRONMENTAL STUDIES - SSCI,"3,017",3.808,Q2,0.8,14.57%
Food and Environmental Virology,FOOD ENVIRON VIROL,1867-0334,1867-0342,ENVIRONMENTAL SCIENCES - SCIE,"1,719",4.034,Q2,0.69,15.60%
Fordham Environmental Law Review,FORDHAM ENV LAW REV,,,WIKI-ENVIRONMENT,,,,,
Forest Policy and Economics,FOREST POLICY ECON,1389-9341,1872-7050,ENVIRONMENTAL STUDIES - SSCI,"6,517",4.259,Q2,1.38,16.81%
Forests Trees and Livelihoods,FOR TREES LIVELIHOOD,1472-8028,2164-3075,ENVIRONMENTAL STUDIES - ESCI,267,N/A,N/A,0.5,0%
FRESENIUS ENVIRONMENTAL BULLETIN,FRESEN ENVIRON BULL,1018-4619,1610-2304,ENVIRONMENTAL SCIENCES - SCIE,"5,507",0.618,Q4,0.12,0%
FRONTIERS IN ECOLOGY AND THE ENVIRONMENT,FRONT ECOL ENVIRON,1540-9295,1540-9309,ENVIRONMENTAL SCIENCES - SCIE,"15,215",13.789,Q1,1.85,41.24%
Frontiers in Environmental Science,FRONT ENV SCI-SWITZ,N/A,2296-665X,ENVIRONMENTAL SCIENCES - SCIE,"6,196",5.411,Q2,0.71,99.34%
Frontiers in Sustainable Cities,FRONT SUSTAIN CITIES,N/A,2624-9634,ENVIRONMENTAL SCIENCES - ESCI,201,N/A,N/A,0.37,100%
Frontiers in Sustainable Cities,FRONT SUSTAIN CITIES,N/A,2624-9634,ENVIRONMENTAL STUDIES - ESCI,201,N/A,N/A,0.37,100%
Frontiers of Environmental Science & Engineering,FRONT ENV SCI ENG,2095-2201,2095-221X,ENVIRONMENTAL SCIENCES - SCIE,"4,489",6.048,Q2,0.63,4.87%
GAIA-Ecological Perspectives for Science and Society,GAIA,0940-5550,2625-5413,ENVIRONMENTAL SCIENCES - SCIE,"1,172",2.211,Q4,0.47,65.79%
GAIA-Ecological Perspectives for Science and Society,GAIA,0940-5550,2625-5413,ENVIRONMENTAL STUDIES - SSCI,"1,172",2.211,Q4,0.47,65.79%
GEFAHRSTOFFE REINHALTUNG DER LUFT,GEFAHRST REINHALT L,0949-8036,1436-4891,ENVIRONMENTAL SCIENCES - SCIE,170,0.158,Q4,0.06,0%
Geobiology,GEOBIOLOGY,1472-4677,1472-4669,ENVIRONMENTAL SCIENCES - SCIE,"2,977",4.216,Q2,0.98,25.17%
Geocarto International,GEOCARTO INT,1010-6049,1752-0762,ENVIRONMENTAL SCIENCES - SCIE,"4,158",3.45,Q3,0.79,1.18%
Geoenvironmental Disasters,GEOENVIRONMENTAL DIS,N/A,2197-8670,ENVIRONMENTAL SCIENCES - ESCI,482,N/A,N/A,0.63,100%
Geoforum,GEOFORUM,,,WIKI-ESS,,,,,
Geografisk Tidsskrift-Danish Journal of Geography,GEOGR TIDSSKR-DEN,0016-7223,1903-2471,ENVIRONMENTAL STUDIES - SSCI,452,2.32,Q4,0.74,14.29%
GeoHealth,GEOHEALTH,2471-1403,2471-1403,ENVIRONMENTAL SCIENCES - SCIE,821,6.343,Q1,1.19,71.62%
Geology Geophysics and Environment,GEOL GEOPHYS ENVIRON,2299-8004,2353-0790,ENVIRONMENTAL SCIENCES - ESCI,126,N/A,N/A,0.22,96.55%
GEOMICROBIOLOGY JOURNAL,GEOMICROBIOL J,0149-0451,1521-0529,ENVIRONMENTAL SCIENCES - SCIE,"3,950",2.412,Q3,0.51,2.06%
Georgetown international environmental law review,GEORGETOWN INT ENV L,,,WIKI-ENVIRONMENT,,,,,
GLOBAL BIOGEOCHEMICAL CYCLES,GLOBAL BIOGEOCHEM CY,0886-6236,1944-9224,ENVIRONMENTAL SCIENCES - SCIE,"18,577",6.5,Q1,1.3,34.59%
GLOBAL CHANGE BIOLOGY,GLOBAL CHANGE BIOL,1354-1013,1365-2486,ENVIRONMENTAL SCIENCES - SCIE,"66,413",13.212,Q1,2.44,27.23%
Global Environment,GLOB ENVIRON,1973-3739,2053-7352,ENVIRONMENTAL STUDIES - ESCI,91,N/A,N/A,0.12,1.82%
GLOBAL ENVIRONMENTAL CHANGE-HUMAN AND POLICY DIMENSIONS,GLOBAL ENVIRON CHANG,0959-3780,1872-9495,ENVIRONMENTAL SCIENCES - SCIE,"26,153",11.16,Q1,2.68,34.84%
GLOBAL ENVIRONMENTAL CHANGE-HUMAN AND POLICY DIMENSIONS,GLOBAL ENVIRON CHANG,0959-3780,1872-9495,ENVIRONMENTAL STUDIES - SSCI,"26,153",11.16,Q1,2.68,34.84%
Global Environmental Politics,GLOBAL ENVIRON POLIT,1526-3800,1536-0091,ENVIRONMENTAL STUDIES - SSCI,"1,959",4.145,Q2,1.57,21.43%
GLOBAL JOURNAL OF ENVIRONMENTAL SCIENCE AND MANAGEMENT-GJESM,GLOB J ENVIRON SCI M,2383-3572,2383-3866,ENVIRONMENTAL SCIENCES - ESCI,856,N/A,N/A,0.61,0%
Global NEST Journal,GLOBAL NEST J,1790-7632,N/A,ENVIRONMENTAL SCIENCES - SCIE,"1,388",1.134,Q4,0.19,0%
Granja-Revista de Ciencias de la Vida,GRANJA,1390-3799,1390-8596,ENVIRONMENTAL SCIENCES - ESCI,70,N/A,N/A,0.06,100%
Green Chemistry,GREEN CHEM,,,WIKI-ENVIRONMENT,,,,,
Green Chemistry Letters and Reviews,NONE,,,WIKI-ENVIRONMENT,,,,,
Greenhouse Gases-Science and Technology,GREENH GASES,2152-3878,2152-3878,ENVIRONMENTAL SCIENCES - SCIE,"1,340",2.518,Q3,0.29,7.38%
Groundwater for Sustainable Development,GROUNDWATER SUST DEV,2352-801X,2352-801X,ENVIRONMENTAL SCIENCES - ESCI,"2,558",N/A,N/A,1.37,4.04%
Growth and Change,GROWTH CHANGE,,,WIKI-ECON,,,,,
Grundwasser,GRUNDWASSER,1430-483X,1432-1165,ENVIRONMENTAL SCIENCES - SCIE,210,1.15,Q4,0.19,44.44%
HABITAT INTERNATIONAL,HABITAT INT,0197-3975,1873-5428,ENVIRONMENTAL STUDIES - SSCI,"9,164",5.205,Q1,1.5,9.29%
HARVARD ENVIRONMENTAL LAW REVIEW,HARVARD ENVIRON LAW,0147-8257,0147-8257,ENVIRONMENTAL STUDIES - SSCI,348,1.385,Q4,0.58,0%
Hastings Environmental Law Journal,NONE,,,WIKI-ENVIRONMENT,,,,,
Hastings West-Northwest Jouranl of Environmental Law and Policy,HASTINGS W NW J ENV,,,WIKI-ESS,,,,,
HEALTH PHYSICS,HEALTH PHYS,0017-9078,1538-5159,ENVIRONMENTAL SCIENCES - SCIE,"5,525",2.922,Q3,0.69,8.65%
HOUSING STUDIES,HOUSING STUD,0267-3037,1466-1810,ENVIRONMENTAL STUDIES - SSCI,"3,671",2.712,Q3,0.71,22.87%
Housing Theory & Society,HOUS THEORY SOC,1403-6096,1651-2278,ENVIRONMENTAL STUDIES - SSCI,"1,176",2.722,Q3,0.74,24.32%
HUMAN AND ECOLOGICAL RISK ASSESSMENT,HUM ECOL RISK ASSESS,1080-7039,1549-7860,ENVIRONMENTAL SCIENCES - SCIE,"5,443",4.997,Q2,1.01,1.92%
HUMAN DIMENSIONS OF WILDLIFE,HUM DIMENS WILDL,1087-1209,1533-158X,ENVIRONMENTAL SCIENCES - SCIE,"1,915",1.756,Q4,0.4,8.29%
HUMAN ECOLOGY,HUM ECOL,0300-7839,1572-9915,ENVIRONMENTAL STUDIES - SSCI,"3,915",2.728,Q3,0.96,28.71%
Human Ecology Review,HUM ECOL REV,1074-4827,2204-0919,ENVIRONMENTAL STUDIES - SSCI,952,0.545,Q4,0.19,36.59%
Impact Assessment and Project Appraisal,IMPACT ASSESS PROJ A,1461-5517,1471-5465,ENVIRONMENTAL STUDIES - SSCI,"1,550",2.16,Q4,0.46,14.60%
Indoor and Built Environment,INDOOR BUILT ENVIRON,,,WIKI-ESS,,,,,
INDUSTRIAL HEALTH,IND HEALTH,0019-8366,1880-8026,ENVIRONMENTAL SCIENCES - SCIE,"2,861",2.707,Q3,0.45,100%
Integrated Environmental Assessment and Management,INTEGR ENVIRON ASSES,1551-3777,1551-3793,ENVIRONMENTAL SCIENCES - SCIE,"3,571",3.084,Q3,0.56,25.72%
INTERNATIONAL BIODETERIORATION & BIODEGRADATION,INT BIODETER BIODEGR,0964-8305,1879-0208,ENVIRONMENTAL SCIENCES - SCIE,"15,371",4.907,Q2,0.93,4.75%
International Environmental Agreements-Politics Law and Economics,INT ENVIRON AGREEM-P,1567-9764,1573-1553,ENVIRONMENTAL STUDIES - SSCI,"1,149",2.404,Q3,1.31,37.50%
INTERNATIONAL JOURNAL OF BIOMETEOROLOGY,INT J BIOMETEOROL,0020-7128,1432-1254,ENVIRONMENTAL SCIENCES - SCIE,"9,818",3.738,Q2,0.81,17.12%
International Journal of Climate Change Strategies and Management,INT J CLIM CHANG STR,1756-8692,1756-8706,ENVIRONMENTAL STUDIES - SSCI,989,3.551,Q3,0.7,93.55%
International Journal of Disaster Resilience in the Built Environment,INT J DISASTER RESIL,1759-5908,1759-5916,ENVIRONMENTAL STUDIES - ESCI,565,N/A,N/A,0.25,2.16%
International Journal of Ecology and Development,NONE,,,WIKI-ECON,,,,,
International Journal of Ecosystems and Ecology Science-IJEES,INT J ECOSYST ECOL S,2224-4980,2224-4980,ENVIRONMENTAL SCIENCES - ESCI,100,N/A,N/A,0.04,0%
INTERNATIONAL JOURNAL OF ENVIRONMENT AND POLLUTION,INT J ENVIRON POLLUT,0957-4352,1741-5101,ENVIRONMENTAL SCIENCES - SCIE,993,0.571,Q4,0.07,0%
International Journal of Environment and Sustainable Development,INT J ENVIRON SUSTAI,1474-6778,1478-7466,ENVIRONMENTAL STUDIES - ESCI,349,N/A,N/A,0.14,0%
INTERNATIONAL JOURNAL OF ENVIRONMENTAL ANALYTICAL CHEMISTRY,INT J ENVIRON AN CH,0306-7319,1029-0397,ENVIRONMENTAL SCIENCES - SCIE,"5,365",2.731,Q3,0.55,0.46%
INTERNATIONAL JOURNAL OF ENVIRONMENTAL HEALTH RESEARCH,INT J ENVIRON HEAL R,0960-3123,1369-1619,ENVIRONMENTAL SCIENCES - SCIE,"2,847",4.477,Q2,0.76,5.14%
International Journal of Environmental Research,INT J ENVIRON RES,1735-6865,2008-2304,ENVIRONMENTAL SCIENCES - SCIE,"2,366",3.229,Q3,0.51,6.42%
International Journal of Environmental Research and Public Health,INT J ENV RES PUB HE,N/A,1660-4601,ENVIRONMENTAL SCIENCES - SCIE,"123,105",4.614,Q2,0.93,96.11%
International Journal of Environmental Science and Technology,INT J ENVIRON SCI TE,1735-1472,1735-2630,ENVIRONMENTAL SCIENCES - SCIE,"12,412",3.519,Q3,0.54,5.46%
INTERNATIONAL JOURNAL OF GLOBAL ENERGY ISSUES,INT J GLOBAL ENERGY,0954-7118,1741-5128,ENVIRONMENTAL STUDIES - ESCI,226,N/A,N/A,0.06,0%
International Journal of Global Warming,INT J GLOBAL WARM,1758-2083,1758-2091,ENVIRONMENTAL SCIENCES - SCIE,593,0.972,Q4,0.18,0%
International Journal of Housing Policy,INT J HOUS POLICY,1949-1247,1949-1255,ENVIRONMENTAL STUDIES - SSCI,803,3.92,Q2,0.93,21.51%
INTERNATIONAL JOURNAL OF LIFE CYCLE ASSESSMENT,INT J LIFE CYCLE ASS,0948-3349,1614-7502,ENVIRONMENTAL SCIENCES - SCIE,"11,626",5.257,Q2,0.68,32.68%
International Journal of Mining Reclamation and Environment,INT J MIN RECLAM ENV,1748-0930,1748-0949,ENVIRONMENTAL SCIENCES - SCIE,916,3.022,Q3,0.78,6.40%
INTERNATIONAL JOURNAL OF PHYTOREMEDIATION,INT J PHYTOREMEDIAT,1522-6514,1549-7879,ENVIRONMENTAL SCIENCES - SCIE,"5,796",4.003,Q2,0.59,0.89%
International Journal Of Recycling of Organic Waste in Agriculture,INT J RECYCLING ORG,2195-3228,2251-7715,ENVIRONMENTAL SCIENCES - ESCI,690,N/A,N/A,0.44,57.32%
International Journal of Sediment Research,INT J SEDIMENT RES,1001-6279,1001-6279,ENVIRONMENTAL SCIENCES - SCIE,"1,859",3.259,Q3,0.68,0%
International Journal of Sustainable Transportation,INT J SUSTAIN TRANSP,1556-8318,1556-8334,ENVIRONMENTAL STUDIES - SSCI,"2,618",3.963,Q2,0.81,10.58%
International Journal of the Commons,INT J COMMONS,1875-0281,1875-0281,ENVIRONMENTAL STUDIES - SSCI,"1,203",2.646,Q3,0.52,98.37%
INTERNATIONAL JOURNAL OF URBAN SCIENCES,INT J URBAN SCI,1226-5934,2161-6779,ENVIRONMENTAL STUDIES - SSCI,802,3.012,Q3,0.63,10.77%
International Journal of Urban Sustainable Development,INT J URBAN SUSTAIN,1946-3138,1946-3146,ENVIRONMENTAL STUDIES - ESCI,421,N/A,N/A,0.46,17.39%
INTERNATIONAL REGIONAL SCIENCE REVIEW,INT REGIONAL SCI REV,0160-0176,1552-6925,ENVIRONMENTAL STUDIES - SSCI,"1,478",1.971,Q4,0.57,9.64%
International Soil and Water Conservation Research,INT SOIL WATER CONSE,2095-6339,2589-059X,ENVIRONMENTAL SCIENCES - SCIE,"2,227",7.481,Q1,1.25,100%
ISOTOPES IN ENVIRONMENTAL AND HEALTH STUDIES,ISOT ENVIRON HEALT S,1025-6016,1477-2639,ENVIRONMENTAL SCIENCES - SCIE,"1,265",1.667,Q4,0.4,4.62%
Italian Journal of Agrometeorology-Rivista Italiana di Agrometeorologia,ITAL J AGROMETEOROL,2038-5625,2038-5625,ENVIRONMENTAL SCIENCES - SCIE,155,0.968,Q4,0.24,28.89%
JOURNAL OF AEROSOL SCIENCE,J AEROSOL SCI,0021-8502,1879-1964,ENVIRONMENTAL SCIENCES - SCIE,"10,153",4.586,Q2,0.88,16.99%
Journal of Agricultural and Applied Economics,J AGR APPL EC,,,WIKI-ECON,,,,,
JOURNAL OF AGRICULTURAL & ENVIRONMENTAL ETHICS,J AGR ENVIRON ETHIC,1187-7863,1573-322X,ENVIRONMENTAL SCIENCES - SCIE,"2,034",2.367,Q4,0.83,42.34%
Journal of Agricultural Education & Extension,J AGRIC EDUC EXT,1389-224X,1750-8622,ENVIRONMENTAL STUDIES - SSCI,"1,055",2.654,Q3,0.82,20.59%
Journal of Agricultural and Resource Economics,NONE,,,WIKI-ECON,,,,,
Journal of Applied Remote Sensing,J APPL REMOTE SENS,N/A,1931-3195,ENVIRONMENTAL SCIENCES - SCIE,"3,938",1.568,Q4,0.31,14.74%
Journal of Arid Environments,J ARID ENVIRON,0140-1963,1095-922X,ENVIRONMENTAL SCIENCES - SCIE,"11,630",2.759,Q3,0.58,5.42%
Journal of Arid Land,J ARID LAND,1674-6767,2194-7783,ENVIRONMENTAL SCIENCES - SCIE,"1,707",2.483,Q3,0.43,1.29%
JOURNAL OF ATMOSPHERIC CHEMISTRY,J ATMOS CHEM,0167-7764,1573-0662,ENVIRONMENTAL SCIENCES - SCIE,"2,130",3.36,Q3,0.51,14.29%
Journal of Cleaner Production,J CLEAN PROD,0959-6526,1879-1786,ENVIRONMENTAL SCIENCES - SCIE,"250,231",11.072,Q1,1.51,5.49%
JOURNAL OF COASTAL CONSERVATION,J COAST CONSERV,1400-0350,1874-7841,ENVIRONMENTAL SCIENCES - SCIE,"1,807",2.098,Q4,0.52,10.50%
JOURNAL OF COASTAL RESEARCH,J COASTAL RES,0749-0208,1551-5036,ENVIRONMENTAL SCIENCES - SCIE,"13,032",1.11,Q4,0.41,0%
JOURNAL OF CONTAMINANT HYDROLOGY,J CONTAM HYDROL,0169-7722,1873-6009,ENVIRONMENTAL SCIENCES - SCIE,"6,719",4.184,Q2,0.84,9.91%
Journal of Development Economics,J DEV ECON,,,WIKI-ECON,,,,,
Journal of Ecology,J ECOL,,,,,,,,
Journal of Elementology,J ELEMENTOL,1644-2296,1644-2296,ENVIRONMENTAL SCIENCES - SCIE,"1,014",0.923,Q4,0.17,0%
Journal of Energy & Natural Resources Law,J ENERGY NAT RESO LA,0264-6811,2376-4538,ENVIRONMENTAL STUDIES - SSCI,326,1.8,Q4,0.99,14.06%
Journal of Environment & Development,J ENVIRON DEV,1070-4965,1552-5465,ENVIRONMENTAL STUDIES - SSCI,939,2.639,Q3,0.57,19.23%
Journal of Environmental Assessment Policy and Management,J ENV ASSESSMENT POL,,,WIKI-ESS,,,,,
JOURNAL OF ENVIRONMENTAL BIOLOGY,J ENVIRON BIOL,0254-8704,0254-8704,ENVIRONMENTAL SCIENCES - ESCI,"2,968",N/A,N/A,0.13,0%
JOURNAL OF ENVIRONMENTAL ECONOMICS AND MANAGEMENT,J ENVIRON ECON MANAG,0095-0696,1096-0449,ENVIRONMENTAL STUDIES - SSCI,"9,885",5.84,Q1,1.39,17.88%
Journal of Environmental Economics and Policy,J ENVIRON ECON POLIC,2160-6544,2160-6552,ENVIRONMENTAL STUDIES - ESCI,384,N/A,N/A,0.42,11.76%
JOURNAL OF ENVIRONMENTAL EDUCATION,J ENVIRON EDUC,0095-8964,1940-1892,ENVIRONMENTAL STUDIES - SSCI,"2,253",2.957,Q3,1.15,5.32%
JOURNAL OF ENVIRONMENTAL ENGINEERING,J ENVIRON ENG,0733-9372,1943-7870,ENVIRONMENTAL SCIENCES - SCIE,"7,247",2.479,Q3,0.36,4.06%
Journal of Environmental Engineering and Landscape Management,J ENVIRON ENG LANDSC,1648-6897,1822-4199,ENVIRONMENTAL SCIENCES - SCIE,716,1.302,Q4,0.25,97.78%
JOURNAL OF ENVIRONMENTAL HEALTH,J ENVIRON HEALTH,0022-0892,0022-0892,ENVIRONMENTAL SCIENCES - SCIE,"1,291",0.855,Q4,0.13,0%
Journal of Environmental Health Science and Engineering,J ENVIRON HEALTH SCI,N/A,2052-336X,ENVIRONMENTAL SCIENCES - SCIE,"2,805",3.433,Q3,0.4,7.66%
Journal of Environmental Informatics,J ENVIRON INFORM,1726-2135,1684-8799,ENVIRONMENTAL SCIENCES - SCIE,"1,016",10.22,Q1,1.29,0%
JOURNAL OF ENVIRONMENTAL LAW,J ENVIRON LAW,0952-8873,1464-374X,ENVIRONMENTAL STUDIES - SSCI,581,1.75,Q4,0.93,25.56%
Journal of environmental law and sustainability law,NONE,,,WIKI-ENVIRONMENT,,,,,
Journal of environmental law and litigation,J ENV L LITIG,,,WIKI-ENVIRONMENT,,,,,
Journal of Environmental Management,J ENVIRON MANAGE,0301-4797,1095-8630,ENVIRONMENTAL SCIENCES - SCIE,"85,958",8.91,Q1,1.38,6.98%
Journal of Environmental Planning and Management,J ENVIRON PLANN MAN,,,WIKI-ECON,,,,,
Journal of Environmental Protection and Ecology,J ENVIRON PROT ECOL,1311-5065,1311-5065,ENVIRONMENTAL SCIENCES - SCIE,"1,078",0.507,Q4,0.12,0%
JOURNAL OF ENVIRONMENTAL PSYCHOLOGY,J ENVIRON PSYCHOL,0272-4944,1522-9610,ENVIRONMENTAL STUDIES - SSCI,"17,441",7.649,Q1,1.77,22.22%
JOURNAL OF ENVIRONMENTAL QUALITY,J ENVIRON QUAL,0047-2425,1537-2537,ENVIRONMENTAL SCIENCES - SCIE,"18,624",3.866,Q2,0.6,29.58%
JOURNAL OF ENVIRONMENTAL RADIOACTIVITY,J ENVIRON RADIOACTIV,0265-931X,1879-1700,ENVIRONMENTAL SCIENCES - SCIE,"10,022",2.655,Q3,0.48,12.93%
JOURNAL OF ENVIRONMENTAL SCIENCE AND HEALTH PART A-TOXIC/HAZARDOUS SUBSTANCES & ENVIRONMENTAL ENGINEERING,J ENVIRON SCI HEAL A,1093-4529,1532-4117,ENVIRONMENTAL SCIENCES - SCIE,"6,743",2.582,Q3,0.33,0.91%
JOURNAL OF ENVIRONMENTAL SCIENCE AND HEALTH PART B-PESTICIDES FOOD CONTAMINANTS AND AGRICULTURAL WASTES,J ENVIRON SCI HEAL B,0360-1234,1532-4109,ENVIRONMENTAL SCIENCES - SCIE,"3,736",2.506,Q3,0.48,0.58%
Journal of Environmental Science and Health Part C-Toxicology and Carcinogenesis,J ENV SCI HEAL C-TOX,2689-6583,2689-6591,ENVIRONMENTAL SCIENCES - SCIE,37,1.65,Q4,0.4,2.70%
Journal of Environmental Science and Management,J ENVIRON SCI MANAG,0119-1144,0119-1144,ENVIRONMENTAL SCIENCES - SCIE,201,0.517,Q4,0.08,0%
Journal of Environmental Sciences,J ENVIRON SCI,1001-0742,1878-7320,ENVIRONMENTAL SCIENCES - SCIE,"21,468",6.796,Q1,1.12,0.52%
Journal of Environmental Studies and Sciences,J ENVIRON STUD SCI,2190-6483,2190-6491,ENVIRONMENTAL SCIENCES - ESCI,837,N/A,N/A,0.3,20.73%
Journal of Environmental Studies and Sciences,J ENVIRON STUD SCI,2190-6483,2190-6491,ENVIRONMENTAL STUDIES - ESCI,837,N/A,N/A,0.3,20.73%
Journal of Exposure Science and Environmental Epidemiology,J EXPO SCI ENV EPID,1559-0631,1559-064X,ENVIRONMENTAL SCIENCES - SCIE,"6,252",6.371,Q1,1.28,23.44%
Journal of Flood Risk Management,J FLOOD RISK MANAG,1753-318X,1753-318X,ENVIRONMENTAL SCIENCES - SCIE,"2,342",4.005,Q2,0.92,63.88%
Journal of Geophysical Research-Biogeosciences,J GEOPHYS RES-BIOGEO,2169-8953,2169-8961,ENVIRONMENTAL SCIENCES - SCIE,"13,562",4.432,Q2,0.89,15.95%
Journal of Geovisualization and Spatial Analysis,J GEOVIS SPAT ANAL,2509-8810,2509-8829,ENVIRONMENTAL SCIENCES - ESCI,316,N/A,N/A,1.13,17.39%
JOURNAL OF GREAT LAKES RESEARCH,J GREAT LAKES RES,0380-1330,0380-1330,ENVIRONMENTAL SCIENCES - SCIE,"7,956",3.032,Q3,0.76,26.72%
JOURNAL OF HAZARDOUS MATERIALS,J HAZARD MATER,0304-3894,1873-3336,ENVIRONMENTAL SCIENCES - SCIE,"187,102",14.224,Q1,1.94,3.28%
Journal of Health and Pollution,J HEALTH POLLUT,N/A,2156-9614,ENVIRONMENTAL SCIENCES - ESCI,568,N/A,N/A,0.34,62.50%
JOURNAL OF HEALTH POPULATION AND NUTRITION,J HEALTH POPUL NUTR,1606-0997,2072-1315,ENVIRONMENTAL SCIENCES - SCIE,"2,706",2.966,Q3,0.6,100%
Journal of Housing and the Built Environment,J HOUS BUILT ENVIRON,1566-4910,1573-7772,ENVIRONMENTAL STUDIES - SSCI,"1,593",2.033,Q4,0.53,22.26%
Journal of Human Rights and the Environment,J HUM RIGHTS ENVIRON,1759-7188,1759-7196,ENVIRONMENTAL STUDIES - ESCI,210,N/A,N/A,0.31,5%
Journal of Hydro-environment Research,J HYDRO-ENVIRON RES,1570-6443,1876-4444,ENVIRONMENTAL SCIENCES - SCIE,"1,379",2.699,Q3,0.72,3.36%
JOURNAL OF HYDROINFORMATICS,J HYDROINFORM,1464-7141,1465-1734,ENVIRONMENTAL SCIENCES - SCIE,"2,652",3.058,Q3,0.68,40.23%
JOURNAL OF HYDROLOGIC ENGINEERING,J HYDROL ENG,1084-0699,1943-5584,ENVIRONMENTAL SCIENCES - SCIE,"6,349",2.439,Q3,0.52,5.22%
JOURNAL OF INDUSTRIAL ECOLOGY,J IND ECOL,1088-1980,1530-9290,ENVIRONMENTAL SCIENCES - SCIE,"9,220",7.202,Q1,0.99,33.42%
Journal of Integrative Environmental Sciences,J INTEGR ENVIRON SCI,1943-815X,1943-8168,ENVIRONMENTAL SCIENCES - SCIE,483,3.143,Q3,0.48,100%
Journal of Interpretation Research,J INTERPRETATION RES,,,WIKI-ENVIRONMENT,,,,,
Journal of land use and environmental law,J LAND USE ENV L,,,WIKI-ENVIRONMENT,,,,,
Journal of Material Cycles and Waste Management,J MATER CYCLES WASTE,1438-4957,1611-8227,ENVIRONMENTAL SCIENCES - SCIE,"4,181",3.579,Q3,0.54,6.53%
Journal of Mountain Science,J MT SCI-ENGL,1672-6316,1993-0321,ENVIRONMENTAL SCIENCES - SCIE,"4,298",2.371,Q4,0.4,4.93%
JOURNAL OF OCCUPATIONAL AND ENVIRONMENTAL HYGIENE,J OCCUP ENVIRON HYG,1545-9624,1545-9632,ENVIRONMENTAL SCIENCES - SCIE,"3,739",3.359,Q3,0.6,12.57%
Journal of Occupational and Environmental Health,NONE,,,WIKI-ENVIRONMENT,,,,,
JOURNAL OF PALEOLIMNOLOGY,J PALEOLIMNOL,0921-2728,1573-0417,ENVIRONMENTAL SCIENCES - SCIE,"4,435",2.265,Q4,0.52,19.65%
Journal of Political Ecology,J POLIT ECOL,1073-0451,1073-0451,ENVIRONMENTAL STUDIES - ESCI,928,N/A,N/A,0.52,23.91%
JOURNAL OF RADIOLOGICAL PROTECTION,J RADIOL PROT,0952-4746,1361-6498,ENVIRONMENTAL SCIENCES - SCIE,"1,686",1.559,Q4,0.44,11.38%
JOURNAL OF REGIONAL SCIENCE,J REGIONAL SCI,0022-4146,1467-9787,ENVIRONMENTAL STUDIES - SSCI,"3,238",2.807,Q3,0.69,19.42%
Journal of Renweable and Sustainable Energy,J RENEW SUSTAIN ENER,,,WIKI-ENVIRONMENT,,,,,
Journal of Sedimentary Environments,J SEDIMENT ENVIRON,2662-5571,2447-9462,ENVIRONMENTAL SCIENCES - ESCI,209,N/A,N/A,0.26,0.90%
Journal of Soil Science and Plant Nutrition,J SOIL SCI PLANT NUT,0718-9508,0718-9516,ENVIRONMENTAL SCIENCES - SCIE,"4,107",3.6,Q3,0.83,2.65%
JOURNAL OF SOILS AND SEDIMENTS,J SOIL SEDIMENT,1439-0108,1614-7480,ENVIRONMENTAL SCIENCES - SCIE,"10,608",3.536,Q3,0.73,8.98%
Journal of Sustainable Development of Energy Water and Environment Systems-JSDEWES,J SUSTAIN DEV ENERGY,1848-9257,1848-9257,ENVIRONMENTAL SCIENCES - ESCI,610,N/A,N/A,0.49,97.26%
JOURNAL OF THE AIR & WASTE MANAGEMENT ASSOCIATION,J AIR WASTE MANAGE,1096-2247,2162-2906,ENVIRONMENTAL SCIENCES - SCIE,"8,444",2.636,Q3,0.41,8.55%
Journal of the Association of Environmental and Resource Economists,J ASSOC ENVIRON RESO,2333-5955,2333-5963,ENVIRONMENTAL STUDIES - SSCI,"1,347",3.923,Q2,1.23,0.88%
Journal of the IEST,,,,WIKI-ENVIRONMENT,,,,,
Journal of the Indian Society of Remote Sensing,J INDIAN SOC REMOTE,0255-660X,0974-3006,ENVIRONMENTAL SCIENCES - SCIE,"2,558",1.894,Q4,0.31,1.77%
"Journal of the Study of Religion, Nature, and Culture",J STUD RELIG NAT CUL,,,WIKI-ENVIRONMENT,,,,,
JOURNAL OF TOXICOLOGY AND ENVIRONMENTAL HEALTH-PART A-CURRENT ISSUES,J TOXICOL ENV HEAL A,1528-7394,1087-2620,ENVIRONMENTAL SCIENCES - SCIE,"5,161",3.24,Q3,0.77,1.63%
JOURNAL OF TOXICOLOGY AND ENVIRONMENTAL HEALTH-PART B-CRITICAL REVIEWS,J TOXICOL ENV HEAL B,1093-7404,1521-6950,ENVIRONMENTAL SCIENCES - SCIE,"2,532",8.071,Q1,0.82,32.50%
Journal of Transport Economics and Policy,J TRANSP ECON POLICY,,,WIKI-ECON,,,,,
JOURNAL OF WATER AND HEALTH,J WATER HEALTH,1477-8920,1996-7829,ENVIRONMENTAL SCIENCES - SCIE,"2,918",2.264,Q4,0.44,61.01%
Lancet Planetary Health,LANCET PLANET HEALTH,N/A,2542-5196,ENVIRONMENTAL SCIENCES - SCIE,"4,794",28.75,Q1,4,92.41%
Land,LAND-BASEL,N/A,2073-445X,ENVIRONMENTAL STUDIES - SSCI,"5,700",3.905,Q2,0.83,95.69%
LAND DEGRADATION & DEVELOPMENT,LAND DEGRAD DEV,1085-3278,1099-145X,ENVIRONMENTAL SCIENCES - SCIE,"10,934",4.377,Q2,0.96,4.16%
LAND ECONOMICS,LAND ECON,0023-7639,1543-8325,ENVIRONMENTAL STUDIES - SSCI,"3,808",2.03,Q4,0.57,6.78%
LAND USE POLICY,LAND USE POLICY,0264-8377,1873-5754,ENVIRONMENTAL STUDIES - SSCI,"27,954",6.189,Q1,1.37,12.16%
LANDSCAPE AND URBAN PLANNING,LANDSCAPE URBAN PLAN,0169-2046,1872-6062,ENVIRONMENTAL STUDIES - SSCI,"26,867",8.119,Q1,2.08,17.64%
Landscape Research,LANDSCAPE RES,0142-6397,1469-9710,ENVIRONMENTAL STUDIES - SSCI,"1,983",1.701,Q4,0.54,19.67%
Letras Verdes,LET VERDES,1390-6631,1390-6631,ENVIRONMENTAL STUDIES - ESCI,38,N/A,N/A,0.04,94.55%
Local Environment,LOCAL ENVIRON,1354-9839,1469-6711,ENVIRONMENTAL STUDIES - SSCI,"3,216",3.59,Q3,0.72,15.64%
LSU Journal of Energy Law and Resources,NONE,,,WIKI-ENVIRONMENT,,,,,
M+A-Revista Electronica de Medio Ambiente,M A-REV ELECTRON MED,1886-3329,1886-3329,ENVIRONMENTAL STUDIES - ESCI,21,N/A,N/A,0.08,0%
Management of Environmental Quality,MANAG ENVIRON QUAL,1477-7835,1758-6119,ENVIRONMENTAL STUDIES - ESCI,"1,867",N/A,N/A,0.92,0%
MARINE ENVIRONMENTAL RESEARCH,MAR ENVIRON RES,0141-1136,1879-0291,ENVIRONMENTAL SCIENCES - SCIE,"10,353",3.737,Q2,0.91,9.82%
Marine Policy,MAR POLICY,0308-597X,1872-9460,ENVIRONMENTAL STUDIES - SSCI,"15,982",4.315,Q2,1.6,21.35%
Marine Pollution Bulletin,MAR POLLUT BULL,0025-326X,1879-3363,ENVIRONMENTAL SCIENCES - SCIE,"63,183",7.001,Q1,1.57,8.58%
Marine Resource Economics,MAR RESOUR ECON,0738-1360,2334-5985,ENVIRONMENTAL STUDIES - SSCI,"1,125",2.811,Q3,0.8,0%
Maritime Studies,MARIT STUD,1872-7859,2212-9790,ENVIRONMENTAL STUDIES - ESCI,641,N/A,N/A,0.62,49.50%
McGill International Journal of Sustainable Development Law and Policy ,NONE,,,WIKI-ENVIRONMENT,,,,,
Michigan Journal of Environmental and Administrative Law,NONE,,,WIKI-ENVIRONMENT,,,,,
Microbial Risk Analysis,MICROB RISK ANAL,2352-3522,2352-3530,ENVIRONMENTAL SCIENCES - SCIE,223,1.641,Q4,0.39,12.07%
Mires and Peat,MIRES PEAT,1819-754X,1819-754X,ENVIRONMENTAL SCIENCES - SCIE,821,1.488,Q4,0.26,0%
Mitigation and Adaptation Strategies for Global Change,MITIG ADAPT STRAT GL,1381-2386,1573-1596,ENVIRONMENTAL SCIENCES - SCIE,"3,841",3.926,Q2,0.73,27.59%
Modeling Earth Systems and Environment,MODEL EARTH SYST ENV,2363-6203,2363-6211,ENVIRONMENTAL SCIENCES - ESCI,"3,627",N/A,N/A,0.54,3.98%
MOUNTAIN RESEARCH AND DEVELOPMENT,MT RES DEV,0276-4741,1994-7151,ENVIRONMENTAL SCIENCES - SCIE,"2,564",1.506,Q4,0.28,95.28%
NanoImpact,NANOIMPACT,2452-0748,2452-0748,ENVIRONMENTAL SCIENCES - SCIE,"1,803",6.038,Q2,0.81,22.03%
Natural Hazards Review,NAT HAZARDS REV,1527-6988,1527-6996,ENVIRONMENTAL STUDIES - SSCI,"2,224",4.2,Q2,0.88,6.38%
Natural Resources Journal,NAT RESOUR J,,,WIKI-ECON,,,,,
NATURAL RESOURCE MODELING,NAT RESOUR MODEL,0890-8575,1939-7445,ENVIRONMENTAL SCIENCES - SCIE,614,1.394,Q4,0.3,36.92%
NATURAL RESOURCES FORUM,NAT RESOUR FORUM,0165-0203,1477-8947,ENVIRONMENTAL SCIENCES - SCIE,"1,341",2.732,Q3,0.49,14.71%
NATURAL RESOURCES FORUM,NAT RESOUR FORUM,0165-0203,1477-8947,ENVIRONMENTAL STUDIES - SSCI,"1,341",2.732,Q3,0.49,14.71%
NATURAL RESOURCES JOURNAL,NAT RESOUR J,0028-0739,0028-0739,ENVIRONMENTAL STUDIES - SSCI,466,1.304,Q4,0.56,0%
Nature + Culture,NAT CULT,1558-6073,1558-5468,ENVIRONMENTAL STUDIES - SSCI,442,1.031,Q4,0.23,10.64%
Nature Climate Change,NAT CLIM CHANGE,1758-678X,1758-6798,ENVIRONMENTAL SCIENCES - SCIE,"43,972",28.862,Q1,5.06,1.44%
Nature Climate Change,NAT CLIM CHANGE,1758-678X,1758-6798,ENVIRONMENTAL STUDIES - SSCI,"43,972",28.862,Q1,5.06,1.44%
Nature Reviews Earth & Environment,NAT REV EARTH ENV,N/A,2662-138X,ENVIRONMENTAL SCIENCES - SCIE,"1,942",37.214,Q1,3.66,0%
Nature Sustainability,NAT SUSTAIN,2398-9629,2398-9629,ENVIRONMENTAL SCIENCES - SCIE,"10,711",27.157,Q1,3.86,4.95%
Nature Sustainability,NAT SUSTAIN,2398-9629,2398-9629,ENVIRONMENTAL STUDIES - SSCI,"10,711",27.157,Q1,3.86,4.95%
npj Clean Water,NPJ CLEAN WATER,2059-7037,2059-7037,ENVIRONMENTAL SCIENCES - SCIE,"1,231",12.19,Q1,1.55,99.07%
Observatorio Medioambiental,OBS MEDIOAMBIENT,1139-1987,1988-3277,ENVIRONMENTAL STUDIES - ESCI,48,N/A,N/A,0.01,97.22%
Ocean Yearbook,OCEAN YEARB,0191-8575,2211-6001,ENVIRONMENTAL STUDIES - ESCI,143,N/A,N/A,0.13,7.81%
"Oil, Gas, and Energy Law",NONE,,,WIKI-ENVIRONMENT,,,,,
One Earth,ONE EARTH,2590-3330,2590-3322,ENVIRONMENTAL SCIENCES - SCIE,"2,215",14.944,Q1,1.7,55.69%
One Earth,ONE EARTH,2590-3330,2590-3322,ENVIRONMENTAL STUDIES - SSCI,"2,215",14.944,Q1,1.7,55.69%
Open House International,OPEN HOUSE INT,0168-2601,2633-9838,ENVIRONMENTAL STUDIES - SSCI,278,0.545,Q4,0.51,2.19%
ORGANIZATION & ENVIRONMENT,ORGAN ENVIRON,1086-0266,1552-7417,ENVIRONMENTAL STUDIES - SSCI,"2,776",5.299,Q1,1.18,16.30%
OZONE-SCIENCE & ENGINEERING,OZONE-SCI ENG,0191-9512,1547-6545,ENVIRONMENTAL SCIENCES - SCIE,"2,520",2.604,Q3,0.34,3.43%
PAPERS IN REGIONAL SCIENCE,PAP REG SCI,1056-8190,1435-5957,ENVIRONMENTAL STUDIES - SSCI,"2,893",2.186,Q4,0.73,14.06%
Pastoralism-Research Policy and Practice,PASTORALISM,2041-7136,2041-7136,ENVIRONMENTAL STUDIES - ESCI,569,N/A,N/A,0.42,100%
PHYSICAL GEOGRAPHY,PHYS GEOGR,0272-3646,1930-0557,ENVIRONMENTAL SCIENCES - SCIE,"1,386",2.075,Q4,0.42,3.33%
Pittsburgh Journal of Environemntal and Public Health Law,NONE,,,WIKI-ENVIRONMENT,,,,,
POLAR RECORD,POLAR REC,0032-2474,1475-3057,ENVIRONMENTAL SCIENCES - SCIE,888,0.962,Q4,0.2,25.89%
POLISH JOURNAL OF ENVIRONMENTAL STUDIES,POL J ENVIRON STUD,1230-1485,2083-5906,ENVIRONMENTAL SCIENCES - SCIE,"6,843",1.871,Q4,0.33,99.78%
Pollution,POLLUTION,2383-451X,2383-4501,ENVIRONMENTAL SCIENCES - ESCI,542,N/A,N/A,0.27,0%
POPULATION AND ENVIRONMENT,POPUL ENVIRON,0199-0039,1573-7810,ENVIRONMENTAL STUDIES - SSCI,"1,829",4.283,Q2,1.22,21.05%
Problemy Ekorozwoju,PROBL EKOROZW,1895-6912,N/A,ENVIRONMENTAL STUDIES - SSCI,331,0.864,Q4,0.25,18.84%
Process Integration and Optimization for Sustainability,PROC INTEGR OPTIM,2509-4238,2509-4246,ENVIRONMENTAL SCIENCES - ESCI,321,N/A,N/A,0.28,2.08%
Progress in Disaster Science,PROG DISASTER SCI,2590-0617,2590-0617,ENVIRONMENTAL SCIENCES - ESCI,787,N/A,N/A,1.66,98.86%
Progress in Disaster Science,PROG DISASTER SCI,2590-0617,2590-0617,ENVIRONMENTAL STUDIES - ESCI,787,N/A,N/A,1.66,98.86%
Progress in Human Geography,PROG HUM GEOG,,,WIKI-ESS,,,,,
PROGRESS IN PLANNING,PROG PLANN,0305-9006,1873-4510,ENVIRONMENTAL STUDIES - SSCI,"1,286",6.063,Q1,1.4,6.90%
Psyecology-Revista Bilingue de Psicologia Ambiental,PSYECOLOGY,2171-1976,1989-9386,ENVIRONMENTAL STUDIES - ESCI,200,N/A,N/A,0.43,2.22%
RADIATION AND ENVIRONMENTAL BIOPHYSICS,RADIAT ENVIRON BIOPH,0301-634X,1432-2099,ENVIRONMENTAL SCIENCES - SCIE,"1,843",2.017,Q4,0.43,28.65%
RADIATION PROTECTION DOSIMETRY,RADIAT PROT DOSIM,0144-8420,1742-3406,ENVIRONMENTAL SCIENCES - SCIE,"7,027",0.954,Q4,0.32,5.94%
RADIOPROTECTION,RADIOPROTECTION,0033-8451,1769-700X,ENVIRONMENTAL SCIENCES - SCIE,481,1.589,Q4,0.58,45.52%
Rangeland Ecology & Management,RANGELAND ECOL MANAG,1550-7424,1551-5028,ENVIRONMENTAL SCIENCES - SCIE,"3,343",2.398,Q3,0.52,17.14%
Regional Environmental Change,REG ENVIRON CHANGE,1436-3798,1436-378X,ENVIRONMENTAL SCIENCES - SCIE,"7,943",4.704,Q2,0.88,33.71%
Regional Environmental Change,REG ENVIRON CHANGE,1436-3798,1436-378X,ENVIRONMENTAL STUDIES - SSCI,"7,943",4.704,Q2,0.88,33.71%
REGIONAL SCIENCE AND URBAN ECONOMICS,REG SCI URBAN ECON,0166-0462,1879-2308,ENVIRONMENTAL STUDIES - SSCI,"4,654",2.438,Q3,0.74,5.88%
REGIONAL STUDIES,REG STUD,0034-3404,1360-0591,ENVIRONMENTAL STUDIES - SSCI,"10,530",4.595,Q2,1.32,23.79%
Remote Sensing,REMOTE SENS-BASEL,N/A,2072-4292,ENVIRONMENTAL SCIENCES - SCIE,"84,613",5.349,Q2,1.09,95.79%
Remote Sensing Applications-Society and Environment,REMOTE SENS APPL,2352-9385,2352-9385,ENVIRONMENTAL SCIENCES - ESCI,"1,429",N/A,N/A,0.83,6.80%
REMOTE SENSING OF ENVIRONMENT,REMOTE SENS ENVIRON,0034-4257,1879-0704,ENVIRONMENTAL SCIENCES - SCIE,"86,103",13.85,Q1,2.41,25.32%
Renewable Energy,RENEW ENERG,,,WIKI-ENVIRONMENT,,,,,
Renewable and Sustainable Energy Reviews,RENEW SUSTAIN ENERG REV,,,WIKI-ENVIRONMENT,,,,,
RESOURCE AND ENERGY ECONOMICS,RESOUR ENERGY ECON,0928-7655,1873-0221,ENVIRONMENTAL STUDIES - SSCI,"2,870",3.553,Q3,0.68,13.28%
RESOURCES CONSERVATION AND RECYCLING,RESOUR CONSERV RECY,0921-3449,1879-0658,ENVIRONMENTAL SCIENCES - SCIE,"37,861",13.716,Q1,1.63,13.92%
Resources Policy,RESOUR POLICY,0301-4207,1873-7641,ENVIRONMENTAL STUDIES - SSCI,"11,237",8.222,Q1,1.63,6.45%
Review of Environmental Economics and Policy,REV ENV ECON POLICY,1750-6816,1750-6824,ENVIRONMENTAL STUDIES - SSCI,"2,018",7.048,Q1,1.84,11.29%
Review of European Comparative & International Environmental Law,REV EUR COMP INT ENV,2050-0386,2050-0394,ENVIRONMENTAL STUDIES - SSCI,579,2.047,Q4,1.47,30.09%
REVIEWS IN ENVIRONMENTAL SCIENCE AND BIO-TECHNOLOGY,REV ENVIRON SCI BIO,1569-1705,1572-9826,ENVIRONMENTAL SCIENCES - SCIE,"5,185",14.284,Q1,0.96,16.22%
Reviews of Environmental Contamination and Toxicology,REV ENVIRON CONTAM T,0179-5953,2197-6554,ENVIRONMENTAL SCIENCES - SCIE,"3,373",7.9,Q1,1.05,11.59%
REVIEWS ON ENVIRONMENTAL HEALTH,REV ENVIRON HEALTH,0048-7554,2191-0308,ENVIRONMENTAL SCIENCES - SCIE,"1,966",4.022,Q2,0.39,10.44%
Revista de Estudios Regionales,REV ESTUD REG,0213-7585,0213-7585,ENVIRONMENTAL STUDIES - ESCI,90,N/A,N/A,0.03,0%
Revista de Gestao Ambiental e Sustentabilidade-GeAS,REV GEST AMBIENT SUS,2316-9834,2316-9834,ENVIRONMENTAL SCIENCES - ESCI,47,N/A,N/A,0.03,91.53%
Revista de Sociedad Gaditana de Historia Natural,REV SOC GADIT HIST N,1577-2578,2340-5759,ENVIRONMENTAL SCIENCES - ESCI,8,N/A,N/A,0.02,0%
Revista Eletronica em Gestao Educacao e Tecnologia Ambiental,REV ELECTRON GEST ED,2236-1170,2236-1170,ENVIRONMENTAL STUDIES - ESCI,118,N/A,N/A,0.05,91.18%
Revista Internacional de Contaminacion Ambiental,REV INT CONTAM AMBIE,0188-4999,N/A,ENVIRONMENTAL SCIENCES - SCIE,612,0.465,Q4,0.07,77.73%
Revista Metropolitana de Sustentabilidade,REV METROP SUSTENTAB,2318-3233,2318-3233,ENVIRONMENTAL STUDIES - ESCI,25,N/A,N/A,0.01,0%
RIVER RESEARCH AND APPLICATIONS,RIVER RES APPL,1535-1459,1535-1467,ENVIRONMENTAL SCIENCES - SCIE,"5,618",2.78,Q3,0.54,16.93%
Rocznik Ochrona Srodowiska,ROCZ OCHR SR,1506-218X,N/A,ENVIRONMENTAL SCIENCES - SCIE,569,0.618,Q4,0.11,0%
San Diego Journal of Climate and Energy Law,SAN DIEGO J CLIMATE,,,WIKI-ENVIRONMENT,,,,,
SAR AND QSAR IN ENVIRONMENTAL RESEARCH,SAR QSAR ENVIRON RES,1062-936X,1029-046X,ENVIRONMENTAL SCIENCES - SCIE,"1,555",3.681,Q3,0.71,3.52%
Science and Public Policy,SCI PUBL POLICY,0302-3427,1471-5430,ENVIRONMENTAL STUDIES - SSCI,"2,787",2.087,Q4,0.65,24.79%
Science of the Total Environment,SCI TOTAL ENVIRON,0048-9697,1879-1026,ENVIRONMENTAL SCIENCES - SCIE,"328,230",10.754,Q1,1.77,9.21%
Smart Energy,NONE,,,WIKI-ENVIRONMENT,,,,,
SOCIETY & NATURAL RESOURCES,SOC NATUR RESOUR,0894-1920,1521-0723,ENVIRONMENTAL STUDIES - SSCI,"4,828",3.024,Q3,0.83,13.97%
SOIL & SEDIMENT CONTAMINATION,SOIL SEDIMENT CONTAM,1532-0383,1549-7887,ENVIRONMENTAL SCIENCES - SCIE,"1,743",3.057,Q3,0.37,1.96%
SOIL SCIENCE AND PLANT NUTRITION,SOIL SCI PLANT NUTR,0038-0768,1747-0765,ENVIRONMENTAL SCIENCES - SCIE,"5,124",1.929,Q4,0.43,4.12%
Solar Energy,SOL ENERGY,,,WIKI-ENVIRONMENT,,,,,
Solar Energy Materials and Solar Cells,SOL ENERG MAT SOL C,,,WIKI-ENVIRONMENT,,,,,
Stanford Environmental Law Journal,STANFORD ENV LAW J,,,WIKI-ENVIRONMENT,,,,,
STOCHASTIC ENVIRONMENTAL RESEARCH AND RISK ASSESSMENT,STOCH ENV RES RISK A,1436-3240,1436-3259,ENVIRONMENTAL SCIENCES - SCIE,"5,920",3.821,Q2,0.89,11%
Sustainability,SUSTAINABILITY-BASEL,N/A,2071-1050,ENVIRONMENTAL SCIENCES - SCIE,"130,266",3.889,Q2,0.65,95.37%
Sustainability,SUSTAINABILITY-BASEL,N/A,2071-1050,ENVIRONMENTAL STUDIES - SSCI,"130,266",3.889,Q2,0.65,95.37%
Sustainability Accounting Management and Policy Journal,SUSTAIN ACCOUNT MANA,2040-8021,2040-803X,ENVIRONMENTAL STUDIES - SSCI,"1,372",3.964,Q2,0.95,3.85%
Sustainability Science,SUSTAIN SCI,1862-4065,1862-4057,ENVIRONMENTAL SCIENCES - SCIE,"5,978",7.196,Q1,1.09,50.48%
Sustainable Chemistry and Pharmacy,SUSTAIN CHEM PHARM,N/A,2352-5541,ENVIRONMENTAL SCIENCES - SCIE,"2,071",5.464,Q2,0.83,3.08%
Sustainable Environment,SUSTAIN ENVIRON,2765-8511,2765-8511,ENVIRONMENTAL SCIENCES - ESCI,18,N/A,N/A,N/A,100%
Sustainable Environment Research,SUSTAIN ENVIRON RES,2468-2039,2468-2039,ENVIRONMENTAL SCIENCES - SCIE,"1,589",4.309,Q2,0.67,100%
Sustainable Production and Consumption,SUSTAIN PROD CONSUMP,2352-5509,2352-5509,ENVIRONMENTAL STUDIES - SSCI,"5,142",8.921,Q1,1.4,11.33%
Tourism Management,TOURISM MANAGE,0261-5177,1879-3193,ENVIRONMENTAL STUDIES - SSCI,"38,152",12.879,Q1,3.02,4.84%
TOXICOLOGICAL AND ENVIRONMENTAL CHEMISTRY,TOXICOL ENVIRON CHEM,0277-2248,1029-0486,ENVIRONMENTAL SCIENCES - SCIE,"2,274",1.565,Q4,0.26,3.13%
Toxicology  ,TOXICOLOGY,,,WIKI-ENVIRONMENT,,,,,
Toxicology and Environmental Health Sciences,TOXICOL ENV HEALTH,2005-9752,2233-7784,ENVIRONMENTAL SCIENCES - ESCI,447,N/A,N/A,0.34,0.81%
Toxicology and Industrial Health,TOXICOL IND HEALTH,,,WIKI-ENVIRONMENT,,,,,
Toxicology Mechanisms and Methods,NONE,,,WIKI-ENVIRONMENT,,,,,
Toxicon,TOXICON,,,WIKI-ENVIRONMENT,,,,,
Toxics,TOXICS,N/A,2305-6304,ENVIRONMENTAL SCIENCES - SCIE,"2,133",4.472,Q2,0.74,94.38%
Transnational Environmental Law,TRANSNATL ENVIRON LA,2047-1025,2047-1033,ENVIRONMENTAL STUDIES - SSCI,534,3.925,Q2,2.99,28.33%
TRANSPORTATION RESEARCH PART D-TRANSPORT AND ENVIRONMENT,TRANSPORT RES D-TR E,1361-9209,1879-2340,ENVIRONMENTAL STUDIES - SSCI,"16,701",7.041,Q1,1.54,17.48%
Trends in Environmental Analytical Chemistry,TRENDS ENVIRON ANAL,2214-1588,2214-1588,ENVIRONMENTAL SCIENCES - SCIE,"1,154",13.622,Q1,1.1,9.30%
Trumpeter-Journal of Ecosophy,TRUMPETER,0832-6193,0832-6193,ENVIRONMENTAL STUDIES - ESCI,76,N/A,N/A,0.02,0%
Tulane Environmental Law Journal,TULANE ENV LAW J,,,WIKI-ENVIRONMENT,,,,,
UCLA Journal of Environmental Law and Policy,UCLA J ENV L POLY,,,WIKI-ENVIRONMENT,,,,,
University of Denver Water Law Review,NONE,,,WIKI-ENVIRONMENT,,,,,
Urban Climate,URBAN CLIM,2212-0955,2212-0955,ENVIRONMENTAL SCIENCES - SCIE,"4,963",6.663,Q1,1.31,8.74%
URBAN FORESTRY & URBAN GREENING,URBAN FOR URBAN GREE,1618-8667,1610-8167,ENVIRONMENTAL STUDIES - SSCI,"12,189",5.766,Q1,1.59,10.24%
Urban Policy and Research,URBAN POLICY RES,0811-1146,1476-7244,ENVIRONMENTAL STUDIES - SSCI,954,2.196,Q4,0.65,4.23%
Urban Science,URBAN SCI,N/A,2413-8851,ENVIRONMENTAL SCIENCES - ESCI,942,N/A,N/A,0.56,96.74%
Urban Science,URBAN SCI,N/A,2413-8851,ENVIRONMENTAL STUDIES - ESCI,942,N/A,N/A,0.56,96.74%
URBAN STUDIES,URBAN STUD,0042-0980,1360-063X,ENVIRONMENTAL STUDIES - SSCI,"16,533",4.418,Q2,1.26,23.78%
Utilities Policy,UTIL POLICY,0957-1787,1878-4356,ENVIRONMENTAL SCIENCES - SCIE,"2,603",3.247,Q3,0.54,6.65%
Utilities Policy,UTIL POLICY,0957-1787,1878-4356,ENVIRONMENTAL STUDIES - SSCI,"2,603",3.247,Q3,0.54,6.65%
VADOSE ZONE JOURNAL,VADOSE ZONE J,N/A,1539-1663,ENVIRONMENTAL SCIENCES - SCIE,"6,009",2.945,Q3,0.8,91.63%
Virginia Environmental Law Journal,VA ENV LJ,,,WIKI-ENVIRONMENT,,,,,
Waste and Biomass Valorization,WASTE BIOMASS VALORI,1877-2641,1877-265X,ENVIRONMENTAL SCIENCES - SCIE,"8,141",3.449,Q3,0.62,8.57%
Waste Management,WASTE MANAGE,0956-053X,1879-2456,ENVIRONMENTAL SCIENCES - SCIE,"52,109",8.816,Q1,1.18,7.76%
WASTE MANAGEMENT & RESEARCH,WASTE MANAGE RES,0734-242X,1096-3669,ENVIRONMENTAL SCIENCES - SCIE,"7,631",4.432,Q2,0.47,11.18%
Water,WATER-SUI,N/A,2073-4441,ENVIRONMENTAL SCIENCES - SCIE,"40,530",3.53,Q3,0.68,96.12%
WATER AIR AND SOIL POLLUTION,WATER AIR SOIL POLL,0049-6979,1573-2932,ENVIRONMENTAL SCIENCES - SCIE,"23,827",2.984,Q3,0.56,8.25%
Water Alternatives-An Interdisciplinary Journal on Water Politics and Development,WATER ALTERN,1965-0175,1965-0175,ENVIRONMENTAL STUDIES - SSCI,"1,315",2.24,Q4,0.54,0%
WATER AND ENVIRONMENT JOURNAL,WATER ENVIRON J,1747-6585,1747-6593,ENVIRONMENTAL SCIENCES - SCIE,"1,731",1.977,Q4,0.47,8.14%
Water Conservation Science and Engineering,WATER CONSERV SCI EN,2366-3340,2364-5687,ENVIRONMENTAL SCIENCES - ESCI,292,N/A,N/A,0.31,5.17%
Water Economics and Policy,WATER ECON POLICY,2382-624X,2382-6258,ENVIRONMENTAL STUDIES - SSCI,206,1.333,Q4,0.39,2.86%
WATER ENVIRONMENT RESEARCH,WATER ENVIRON RES,1061-4303,1554-7531,ENVIRONMENTAL SCIENCES - SCIE,"5,183",3.306,Q3,0.5,2.58%
WATER RESEARCH,WATER RES,0043-1354,1879-2448,ENVIRONMENTAL SCIENCES - SCIE,"148,888",13.4,Q1,2.13,11.09%
Water Research X,WATER RES X,N/A,2589-9147,ENVIRONMENTAL SCIENCES - SCIE,685,9.365,Q1,1.3,97.89%
Water Resources and Economics,WATER RESOUR ECON,2212-4284,2212-4284,ENVIRONMENTAL SCIENCES - SCIE,456,2.848,Q3,0.75,23.44%
Water Resources and Economics,WATER RESOUR ECON,2212-4284,2212-4284,ENVIRONMENTAL STUDIES - SSCI,456,2.848,Q3,0.75,23.44%
WATER RESOURCES RESEARCH,WATER RESOUR RES,0043-1397,1944-7973,ENVIRONMENTAL SCIENCES - SCIE,"72,095",6.159,Q1,1.36,22.30%
WATER SCIENCE AND TECHNOLOGY,WATER SCI TECHNOL,0273-1223,1996-9732,ENVIRONMENTAL SCIENCES - SCIE,"28,014",2.43,Q3,0.39,42.45%
Water Supply,WATER SUPPLY,1606-9749,1607-0798,ENVIRONMENTAL SCIENCES - SCIE,"1,495",1.768,Q4,0.29,51.06%
Weather Climate and Society,WEATHER CLIM SOC,1948-8327,1948-8335,ENVIRONMENTAL STUDIES - SSCI,"1,682",3.019,Q3,0.61,2.23%
WEB ECOLOGY,WEB ECOL,2193-3081,1399-1183,ENVIRONMENTAL SCIENCES - SCIE,220,2,Q4,0.39,96.15%
WETLANDS,WETLANDS,0277-5212,1943-6246,ENVIRONMENTAL SCIENCES - SCIE,"6,058",2.074,Q4,0.44,11.82%
WETLANDS ECOLOGY AND MANAGEMENT,WETL ECOL MANAG,0923-4861,1572-9834,ENVIRONMENTAL SCIENCES - SCIE,"2,651",2.134,Q4,0.4,12.68%
Wind Energy,WIND ENERGY,,,WIKI-ENVIRONMENT,,,,,
Wiley Interdisciplinary Reviews-Climate Change,WIRES CLIM CHANGE,1757-7780,1757-7799,ENVIRONMENTAL STUDIES - SSCI,"6,238",10.072,Q1,1.2,42.61%
Wiley Interdisciplinary Reviews-Water,WIRES WATER,2049-1948,2049-1948,ENVIRONMENTAL SCIENCES - SCIE,"3,214",7.428,Q1,1.09,35.16%